diagnosis,table,column,row,value,repair,extended_diagnosis,file_path,data_type,nullable
organization edmoid error,so,organization_edmoid,1,2516,https://edmo.seadatanet.org/report/2516,organization edmoid should be a list of URIs,/github/workspace/logsheets/filtered/sediment_observatory.csv,EMOBONList,False
organization edmoid error,wo,organization_edmoid,1,2516,https://edmo.seadatanet.org/report/2516,organization edmoid should be a list of URIs,/github/workspace/logsheets/filtered/water_observatory.csv,EMOBONList,False
source_mat_id error,ss,source_mat_id,1,EMOBON_RFormosa_So_1,,source_mat_id should match ^EMOBON_RFormosa_So_210805_micro_1$,/github/workspace/logsheets/filtered/sediment_sampling.csv,XSDString,False
source_mat_id error,ss,source_mat_id,2,EMOBON_RFormosa_So_2,,source_mat_id should match ^EMOBON_RFormosa_So_210805_micro_2$,/github/workspace/logsheets/filtered/sediment_sampling.csv,XSDString,False
source_mat_id error,ss,source_mat_id,3,EMOBON_RFormosa_So_3,,source_mat_id should match ^EMOBON_RFormosa_So_210805_micro_3$,/github/workspace/logsheets/filtered/sediment_sampling.csv,XSDString,False
source_mat_id error,ss,source_mat_id,4,EMOBON_RFormosa_So_4,,source_mat_id should match ^EMOBON_RFormosa_So_210805_micro_4$,/github/workspace/logsheets/filtered/sediment_sampling.csv,XSDString,False
source_mat_id error,ss,source_mat_id,5,EMOBON_RFormosa_So_5,,source_mat_id should match ^EMOBON_RFormosa_So_210805_micro_blank_1$,/github/workspace/logsheets/filtered/sediment_sampling.csv,XSDString,False
source_mat_id error,ss,source_mat_id,6,EMOBON_RFormosa_So_6,,source_mat_id should match ^EMOBON_RFormosa_So_211022_micro_1$,/github/workspace/logsheets/filtered/sediment_sampling.csv,XSDString,False
source_mat_id error,ss,source_mat_id,7,EMOBON_RFormosa_So_7,,source_mat_id should match ^EMOBON_RFormosa_So_211022_micro_2$,/github/workspace/logsheets/filtered/sediment_sampling.csv,XSDString,False
source_mat_id error,ss,source_mat_id,8,EMOBON_RFormosa_So_8,,source_mat_id should match ^EMOBON_RFormosa_So_211022_micro_3$,/github/workspace/logsheets/filtered/sediment_sampling.csv,XSDString,False
source_mat_id error,ss,source_mat_id,9,EMOBON_RFormosa_So_9,,source_mat_id should match ^EMOBON_RFormosa_So_211022_micro_4$,/github/workspace/logsheets/filtered/sediment_sampling.csv,XSDString,False
source_mat_id error,ss,source_mat_id,10,EMOBON_RFormosa_So_10,,source_mat_id should match ^EMOBON_RFormosa_So_211022_micro_blank_1$,/github/workspace/logsheets/filtered/sediment_sampling.csv,XSDString,False
source_mat_id error,ss,source_mat_id,11,EMOBON_RFormosa_So_11,,source_mat_id should match ^EMOBON_RFormosa_So_211220_micro_1$,/github/workspace/logsheets/filtered/sediment_sampling.csv,XSDString,False
source_mat_id error,ss,source_mat_id,12,EMOBON_RFormosa_So_12,,source_mat_id should match ^EMOBON_RFormosa_So_211220_micro_2$,/github/workspace/logsheets/filtered/sediment_sampling.csv,XSDString,False
source_mat_id error,ss,source_mat_id,13,EMOBON_RFormosa_So_13,,source_mat_id should match ^EMOBON_RFormosa_So_211220_micro_3$,/github/workspace/logsheets/filtered/sediment_sampling.csv,XSDString,False
source_mat_id error,ss,source_mat_id,14,EMOBON_RFormosa_So_14,,source_mat_id should match ^EMOBON_RFormosa_So_211220_micro_4$,/github/workspace/logsheets/filtered/sediment_sampling.csv,XSDString,False
source_mat_id error,ss,source_mat_id,15,EMOBON_RFormosa_So_15,,source_mat_id should match ^EMOBON_RFormosa_So_211220_micro_blank_1$,/github/workspace/logsheets/filtered/sediment_sampling.csv,XSDString,False
source_mat_id error,ws,source_mat_id,1,EMOBON_RFormosa_Wa_1,,source_mat_id should match ^EMOBON_RFormosa_Wa_210805_200um_1$,/github/workspace/logsheets/filtered/water_sampling.csv,XSDString,False
source_mat_id error,ws,source_mat_id,2,EMOBON_RFormosa_Wa_2,,source_mat_id should match ^EMOBON_RFormosa_Wa_210805_200um_2$,/github/workspace/logsheets/filtered/water_sampling.csv,XSDString,False
source_mat_id error,ws,source_mat_id,3,EMOBON_RFormosa_Wa_3,,source_mat_id should match ^EMOBON_RFormosa_Wa_210805_200um_3$,/github/workspace/logsheets/filtered/water_sampling.csv,XSDString,False
source_mat_id error,ws,source_mat_id,4,EMOBON_RFormosa_Wa_4,,source_mat_id should match ^EMOBON_RFormosa_Wa_210805_200um_4$,/github/workspace/logsheets/filtered/water_sampling.csv,XSDString,False
source_mat_id error,ws,source_mat_id,5,EMOBON_RFormosa_Wa_5,,source_mat_id should match ^EMOBON_RFormosa_Wa_210805_3um_1$,/github/workspace/logsheets/filtered/water_sampling.csv,XSDString,False
source_mat_id error,ws,source_mat_id,6,EMOBON_RFormosa_Wa_6,,source_mat_id should match ^EMOBON_RFormosa_Wa_210805_3um_2$,/github/workspace/logsheets/filtered/water_sampling.csv,XSDString,False
source_mat_id error,ws,source_mat_id,7,EMOBON_RFormosa_Wa_7,,source_mat_id should match ^EMOBON_RFormosa_Wa_210805_3um_3$,/github/workspace/logsheets/filtered/water_sampling.csv,XSDString,False
source_mat_id error,ws,source_mat_id,8,EMOBON_RFormosa_Wa_8,,source_mat_id should match ^EMOBON_RFormosa_Wa_210805_3um_4$,/github/workspace/logsheets/filtered/water_sampling.csv,XSDString,False
source_mat_id error,ws,source_mat_id,9,EMOBON_RFormosa_Wa_9,,source_mat_id should match ^EMOBON_RFormosa_Wa_210805_200um_blank_1$,/github/workspace/logsheets/filtered/water_sampling.csv,XSDString,False
source_mat_id error,ws,source_mat_id,10,EMOBON_RFormosa_Wa_10,,source_mat_id should match ^EMOBON_RFormosa_Wa_210805_3um_blank_1$,/github/workspace/logsheets/filtered/water_sampling.csv,XSDString,False
source_mat_id error,ws,source_mat_id,11,EMOBON_RFormosa_Wa_11,,source_mat_id should match ^EMOBON_RFormosa_Wa_211022_200um_1$,/github/workspace/logsheets/filtered/water_sampling.csv,XSDString,False
source_mat_id error,ws,source_mat_id,12,EMOBON_RFormosa_Wa_12,,source_mat_id should match ^EMOBON_RFormosa_Wa_211022_200um_2$,/github/workspace/logsheets/filtered/water_sampling.csv,XSDString,False
source_mat_id error,ws,source_mat_id,13,EMOBON_RFormosa_Wa_13,,source_mat_id should match ^EMOBON_RFormosa_Wa_211022_200um_3$,/github/workspace/logsheets/filtered/water_sampling.csv,XSDString,False
source_mat_id error,ws,source_mat_id,14,EMOBON_RFormosa_Wa_14,,source_mat_id should match ^EMOBON_RFormosa_Wa_211022_200um_4$,/github/workspace/logsheets/filtered/water_sampling.csv,XSDString,False
source_mat_id error,ws,source_mat_id,15,EMOBON_RFormosa_Wa_15,,source_mat_id should match ^EMOBON_RFormosa_Wa_211022_3um_1$,/github/workspace/logsheets/filtered/water_sampling.csv,XSDString,False
source_mat_id error,ws,source_mat_id,16,EMOBON_RFormosa_Wa_16,,source_mat_id should match ^EMOBON_RFormosa_Wa_211022_3um_2$,/github/workspace/logsheets/filtered/water_sampling.csv,XSDString,False
source_mat_id error,ws,source_mat_id,17,EMOBON_RFormosa_Wa_17,,source_mat_id should match ^EMOBON_RFormosa_Wa_211022_3um_3$,/github/workspace/logsheets/filtered/water_sampling.csv,XSDString,False
source_mat_id error,ws,source_mat_id,18,EMOBON_RFormosa_Wa_18,,source_mat_id should match ^EMOBON_RFormosa_Wa_211022_3um_4$,/github/workspace/logsheets/filtered/water_sampling.csv,XSDString,False
source_mat_id error,ws,source_mat_id,19,EMOBON_RFormosa_Wa_19,,source_mat_id should match ^EMOBON_RFormosa_Wa_211022_200um_blank_1$,/github/workspace/logsheets/filtered/water_sampling.csv,XSDString,False
source_mat_id error,ws,source_mat_id,20,EMOBON_RFormosa_Wa_20,,source_mat_id should match ^EMOBON_RFormosa_Wa_211022_3um_blank_1$,/github/workspace/logsheets/filtered/water_sampling.csv,XSDString,False
source_mat_id error,ws,source_mat_id,21,EMOBON_RFormosa_Wa_21,,source_mat_id should match ^EMOBON_RFormosa_Wa_211220_200um_1$,/github/workspace/logsheets/filtered/water_sampling.csv,XSDString,False
source_mat_id error,ws,source_mat_id,22,EMOBON_RFormosa_Wa_22,,source_mat_id should match ^EMOBON_RFormosa_Wa_211220_200um_2$,/github/workspace/logsheets/filtered/water_sampling.csv,XSDString,False
source_mat_id error,ws,source_mat_id,23,EMOBON_RFormosa_Wa_23,,source_mat_id should match ^EMOBON_RFormosa_Wa_211220_200um_3$,/github/workspace/logsheets/filtered/water_sampling.csv,XSDString,False
source_mat_id error,ws,source_mat_id,24,EMOBON_RFormosa_Wa_24,,source_mat_id should match ^EMOBON_RFormosa_Wa_211220_200um_4$,/github/workspace/logsheets/filtered/water_sampling.csv,XSDString,False
source_mat_id error,ws,source_mat_id,25,EMOBON_RFormosa_Wa_25,,source_mat_id should match ^EMOBON_RFormosa_Wa_211220_3um_1$,/github/workspace/logsheets/filtered/water_sampling.csv,XSDString,False
source_mat_id error,ws,source_mat_id,26,EMOBON_RFormosa_Wa_26,,source_mat_id should match ^EMOBON_RFormosa_Wa_211220_3um_2$,/github/workspace/logsheets/filtered/water_sampling.csv,XSDString,False
source_mat_id error,ws,source_mat_id,27,EMOBON_RFormosa_Wa_27,,source_mat_id should match ^EMOBON_RFormosa_Wa_211220_3um_3$,/github/workspace/logsheets/filtered/water_sampling.csv,XSDString,False
source_mat_id error,ws,source_mat_id,28,EMOBON_RFormosa_Wa_28,,source_mat_id should match ^EMOBON_RFormosa_Wa_211220_3um_4$,/github/workspace/logsheets/filtered/water_sampling.csv,XSDString,False
source_mat_id error,ws,source_mat_id,29,EMOBON_RFormosa_Wa_29,,source_mat_id should match ^EMOBON_RFormosa_Wa_211220_200um_blank_1$,/github/workspace/logsheets/filtered/water_sampling.csv,XSDString,False
source_mat_id error,ws,source_mat_id,30,EMOBON_RFormosa_Wa_30,,source_mat_id should match ^EMOBON_RFormosa_Wa_211220_3um_blank_1$,/github/workspace/logsheets/filtered/water_sampling.csv,XSDString,False
missing value,sm,ph,96,,,,/github/workspace/logsheets/filtered/sediment_measured.csv,XSDFloat,False
missing value,sm,ph,97,,,,/github/workspace/logsheets/filtered/sediment_measured.csv,XSDFloat,False
missing value,sm,ph,98,,,,/github/workspace/logsheets/filtered/sediment_measured.csv,XSDFloat,False
missing value,sm,ph,99,,,,/github/workspace/logsheets/filtered/sediment_measured.csv,XSDFloat,False
missing value,sm,ph,100,,,,/github/workspace/logsheets/filtered/sediment_measured.csv,XSDFloat,False
missing value,sm,ph_method,96,,,,/github/workspace/logsheets/filtered/sediment_measured.csv,XSDString,False
missing value,sm,ph_method,97,,,,/github/workspace/logsheets/filtered/sediment_measured.csv,XSDString,False
missing value,sm,ph_method,98,,,,/github/workspace/logsheets/filtered/sediment_measured.csv,XSDString,False
missing value,sm,ph_method,99,,,,/github/workspace/logsheets/filtered/sediment_measured.csv,XSDString,False
missing value,sm,ph_method,100,,,,/github/workspace/logsheets/filtered/sediment_measured.csv,XSDString,False
missing value,sm,redox_potential,96,,,,/github/workspace/logsheets/filtered/sediment_measured.csv,XSDFloat,False
missing value,sm,redox_potential,97,,,,/github/workspace/logsheets/filtered/sediment_measured.csv,XSDFloat,False
missing value,sm,redox_potential,98,,,,/github/workspace/logsheets/filtered/sediment_measured.csv,XSDFloat,False
missing value,sm,redox_potential,99,,,,/github/workspace/logsheets/filtered/sediment_measured.csv,XSDFloat,False
missing value,sm,redox_potential,100,,,,/github/workspace/logsheets/filtered/sediment_measured.csv,XSDFloat,False
missing value,sm,sea_surf_temp,96,,,,/github/workspace/logsheets/filtered/sediment_measured.csv,XSDFloat,False
missing value,sm,sea_surf_temp,97,,,,/github/workspace/logsheets/filtered/sediment_measured.csv,XSDFloat,False
missing value,sm,sea_surf_temp,98,,,,/github/workspace/logsheets/filtered/sediment_measured.csv,XSDFloat,False
missing value,sm,sea_surf_temp,99,,,,/github/workspace/logsheets/filtered/sediment_measured.csv,XSDFloat,False
missing value,sm,sea_surf_temp,100,,,,/github/workspace/logsheets/filtered/sediment_measured.csv,XSDFloat,False
missing value,sm,sediment_temp,96,,,,/github/workspace/logsheets/filtered/sediment_measured.csv,XSDFloat,False
missing value,sm,sediment_temp,97,,,,/github/workspace/logsheets/filtered/sediment_measured.csv,XSDFloat,False
missing value,sm,sediment_temp,98,,,,/github/workspace/logsheets/filtered/sediment_measured.csv,XSDFloat,False
missing value,sm,sediment_temp,99,,,,/github/workspace/logsheets/filtered/sediment_measured.csv,XSDFloat,False
missing value,sm,sediment_temp,100,,,,/github/workspace/logsheets/filtered/sediment_measured.csv,XSDFloat,False
missing value,sm,sediment_temp_method,96,,,,/github/workspace/logsheets/filtered/sediment_measured.csv,XSDString,False
missing value,sm,sediment_temp_method,97,,,,/github/workspace/logsheets/filtered/sediment_measured.csv,XSDString,False
missing value,sm,sediment_temp_method,98,,,,/github/workspace/logsheets/filtered/sediment_measured.csv,XSDString,False
missing value,sm,sediment_temp_method,99,,,,/github/workspace/logsheets/filtered/sediment_measured.csv,XSDString,False
missing value,sm,sediment_temp_method,100,,,,/github/workspace/logsheets/filtered/sediment_measured.csv,XSDString,False
missing value,sm,source_mat_id,96,,,,/github/workspace/logsheets/filtered/sediment_measured.csv,XSDString,False
missing value,sm,source_mat_id,97,,,,/github/workspace/logsheets/filtered/sediment_measured.csv,XSDString,False
missing value,sm,source_mat_id,98,,,,/github/workspace/logsheets/filtered/sediment_measured.csv,XSDString,False
missing value,sm,source_mat_id,99,,,,/github/workspace/logsheets/filtered/sediment_measured.csv,XSDString,False
missing value,sm,source_mat_id,100,,,,/github/workspace/logsheets/filtered/sediment_measured.csv,XSDString,False
datatype mismatch,so,contact_orcid,1,0000-0001-8164-581X,https://orcid.org/0000-0001-8164-581X,,/github/workspace/logsheets/filtered/sediment_observatory.csv,XSDAnyURI,True
datatype mismatch,so,loc_broad_ocean_mrgid,1,1902,http://marineregions.org/mrgid/1902,,/github/workspace/logsheets/filtered/sediment_observatory.csv,XSDAnyURI,False
datatype mismatch,so,loc_loc_mrgid,1,29473,http://marineregions.org/mrgid/29473,,/github/workspace/logsheets/filtered/sediment_observatory.csv,XSDAnyURI,False
datatype mismatch,so,loc_regional_mrgid,1,1912,http://marineregions.org/mrgid/1912,,/github/workspace/logsheets/filtered/sediment_observatory.csv,XSDAnyURI,False
datatype mismatch,so,ENA_accession_number_project,1,PRJEB51661,https://www.ebi.ac.uk/ena/browser/view/PRJEB51661,,/github/workspace/logsheets/filtered/sediment_observatory.csv,XSDAnyURI,False
datatype mismatch,so,ENA_accession_number_umbrella,1,PRJEB51688,https://www.ebi.ac.uk/ena/browser/view/PRJEB51688,,/github/workspace/logsheets/filtered/sediment_observatory.csv,XSDAnyURI,False
datatype mismatch,ss,arr_date_hq,1,2021-10-19 00:00:00,2021-10-19,,/github/workspace/logsheets/filtered/sediment_sampling.csv,XSDDate,False
datatype mismatch,ss,arr_date_hq,2,2021-10-19 00:00:00,2021-10-19,,/github/workspace/logsheets/filtered/sediment_sampling.csv,XSDDate,False
datatype mismatch,ss,arr_date_hq,6,2022-02-02 00:00:00,2022-02-02,,/github/workspace/logsheets/filtered/sediment_sampling.csv,XSDDate,False
datatype mismatch,ss,arr_date_hq,7,2022-02-02 00:00:00,2022-02-02,,/github/workspace/logsheets/filtered/sediment_sampling.csv,XSDDate,False
datatype mismatch,ss,arr_date_hq,11,2022-02-02 00:00:00,2022-02-02,,/github/workspace/logsheets/filtered/sediment_sampling.csv,XSDDate,False
datatype mismatch,ss,arr_date_hq,12,2022-02-02 00:00:00,2022-02-02,,/github/workspace/logsheets/filtered/sediment_sampling.csv,XSDDate,False
datatype mismatch,ss,arr_date_seq,1,2021-11-24 00:00:00,2021-11-24,,/github/workspace/logsheets/filtered/sediment_sampling.csv,XSDDate,False
datatype mismatch,ss,arr_date_seq,2,2021-11-24 00:00:00,2021-11-24,,/github/workspace/logsheets/filtered/sediment_sampling.csv,XSDDate,False
datatype mismatch,ss,arr_date_seq,6,2022-02-23 00:00:00,2022-02-23,,/github/workspace/logsheets/filtered/sediment_sampling.csv,XSDDate,False
datatype mismatch,ss,arr_date_seq,7,2022-02-23 00:00:00,2022-02-23,,/github/workspace/logsheets/filtered/sediment_sampling.csv,XSDDate,False
datatype mismatch,ss,arr_date_seq,11,2022-02-23 00:00:00,2022-02-23,,/github/workspace/logsheets/filtered/sediment_sampling.csv,XSDDate,False
datatype mismatch,ss,arr_date_seq,12,2022-02-23 00:00:00,2022-02-23,,/github/workspace/logsheets/filtered/sediment_sampling.csv,XSDDate,False
datatype mismatch,ss,collection_date,1,2021-08-05 00:00:00,2021-08-05,,/github/workspace/logsheets/filtered/sediment_sampling.csv,XSDDate,False
datatype mismatch,ss,collection_date,2,2021-08-05 00:00:00,2021-08-05,,/github/workspace/logsheets/filtered/sediment_sampling.csv,XSDDate,False
datatype mismatch,ss,collection_date,3,2021-08-05 00:00:00,2021-08-05,,/github/workspace/logsheets/filtered/sediment_sampling.csv,XSDDate,False
datatype mismatch,ss,collection_date,4,2021-08-05 00:00:00,2021-08-05,,/github/workspace/logsheets/filtered/sediment_sampling.csv,XSDDate,False
datatype mismatch,ss,collection_date,5,2021-08-05 00:00:00,2021-08-05,,/github/workspace/logsheets/filtered/sediment_sampling.csv,XSDDate,False
datatype mismatch,ss,collection_date,6,2021-10-22 00:00:00,2021-10-22,,/github/workspace/logsheets/filtered/sediment_sampling.csv,XSDDate,False
datatype mismatch,ss,collection_date,7,2021-10-22 00:00:00,2021-10-22,,/github/workspace/logsheets/filtered/sediment_sampling.csv,XSDDate,False
datatype mismatch,ss,collection_date,8,2021-10-22 00:00:00,2021-10-22,,/github/workspace/logsheets/filtered/sediment_sampling.csv,XSDDate,False
datatype mismatch,ss,collection_date,9,2021-10-22 00:00:00,2021-10-22,,/github/workspace/logsheets/filtered/sediment_sampling.csv,XSDDate,False
datatype mismatch,ss,collection_date,10,2021-10-22 00:00:00,2021-10-22,,/github/workspace/logsheets/filtered/sediment_sampling.csv,XSDDate,False
datatype mismatch,ss,collection_date,11,2021-12-20 00:00:00,2021-12-20,,/github/workspace/logsheets/filtered/sediment_sampling.csv,XSDDate,False
datatype mismatch,ss,collection_date,12,2021-12-20 00:00:00,2021-12-20,,/github/workspace/logsheets/filtered/sediment_sampling.csv,XSDDate,False
datatype mismatch,ss,collection_date,13,2021-12-20 00:00:00,2021-12-20,,/github/workspace/logsheets/filtered/sediment_sampling.csv,XSDDate,False
datatype mismatch,ss,collection_date,14,2021-12-20 00:00:00,2021-12-20,,/github/workspace/logsheets/filtered/sediment_sampling.csv,XSDDate,False
datatype mismatch,ss,collection_date,15,2021-12-20 00:00:00,2021-12-20,,/github/workspace/logsheets/filtered/sediment_sampling.csv,XSDDate,False
datatype mismatch,ss,long_store,1,N,false,,/github/workspace/logsheets/filtered/sediment_sampling.csv,XSDBoolean,False
datatype mismatch,ss,long_store,2,N,false,,/github/workspace/logsheets/filtered/sediment_sampling.csv,XSDBoolean,False
datatype mismatch,ss,long_store,3,Y,true,,/github/workspace/logsheets/filtered/sediment_sampling.csv,XSDBoolean,False
datatype mismatch,ss,long_store,4,Y,true,,/github/workspace/logsheets/filtered/sediment_sampling.csv,XSDBoolean,False
datatype mismatch,ss,long_store,5,Y,true,,/github/workspace/logsheets/filtered/sediment_sampling.csv,XSDBoolean,False
datatype mismatch,ss,long_store,6,N,false,,/github/workspace/logsheets/filtered/sediment_sampling.csv,XSDBoolean,False
datatype mismatch,ss,long_store,7,N,false,,/github/workspace/logsheets/filtered/sediment_sampling.csv,XSDBoolean,False
datatype mismatch,ss,long_store,8,Y,true,,/github/workspace/logsheets/filtered/sediment_sampling.csv,XSDBoolean,False
datatype mismatch,ss,long_store,9,Y,true,,/github/workspace/logsheets/filtered/sediment_sampling.csv,XSDBoolean,False
datatype mismatch,ss,long_store,10,Y,true,,/github/workspace/logsheets/filtered/sediment_sampling.csv,XSDBoolean,False
datatype mismatch,ss,long_store,11,N,false,,/github/workspace/logsheets/filtered/sediment_sampling.csv,XSDBoolean,False
datatype mismatch,ss,long_store,12,N,false,,/github/workspace/logsheets/filtered/sediment_sampling.csv,XSDBoolean,False
datatype mismatch,ss,long_store,13,Y,true,,/github/workspace/logsheets/filtered/sediment_sampling.csv,XSDBoolean,False
datatype mismatch,ss,long_store,14,Y,true,,/github/workspace/logsheets/filtered/sediment_sampling.csv,XSDBoolean,False
datatype mismatch,ss,long_store,15,Y,true,,/github/workspace/logsheets/filtered/sediment_sampling.csv,XSDBoolean,False
datatype mismatch,ss,sampl_person_orcid,1,0000-0001-8164-581X,https://orcid.org/0000-0001-8164-581X,,/github/workspace/logsheets/filtered/sediment_sampling.csv,XSDAnyURI,True
datatype mismatch,ss,sampl_person_orcid,2,0000-0001-8164-581X,https://orcid.org/0000-0001-8164-581X,,/github/workspace/logsheets/filtered/sediment_sampling.csv,XSDAnyURI,True
datatype mismatch,ss,sampl_person_orcid,3,0000-0001-8164-581X,https://orcid.org/0000-0001-8164-581X,,/github/workspace/logsheets/filtered/sediment_sampling.csv,XSDAnyURI,True
datatype mismatch,ss,sampl_person_orcid,4,0000-0001-8164-581X,https://orcid.org/0000-0001-8164-581X,,/github/workspace/logsheets/filtered/sediment_sampling.csv,XSDAnyURI,True
datatype mismatch,ss,sampl_person_orcid,5,0000-0001-8164-581X,https://orcid.org/0000-0001-8164-581X,,/github/workspace/logsheets/filtered/sediment_sampling.csv,XSDAnyURI,True
datatype mismatch,ss,sampl_person_orcid,6,0000-0001-8164-581X,https://orcid.org/0000-0001-8164-581X,,/github/workspace/logsheets/filtered/sediment_sampling.csv,XSDAnyURI,True
datatype mismatch,ss,sampl_person_orcid,7,0000-0001-8164-581X,https://orcid.org/0000-0001-8164-581X,,/github/workspace/logsheets/filtered/sediment_sampling.csv,XSDAnyURI,True
datatype mismatch,ss,sampl_person_orcid,8,0000-0001-8164-581X,https://orcid.org/0000-0001-8164-581X,,/github/workspace/logsheets/filtered/sediment_sampling.csv,XSDAnyURI,True
datatype mismatch,ss,sampl_person_orcid,9,0000-0001-8164-581X,https://orcid.org/0000-0001-8164-581X,,/github/workspace/logsheets/filtered/sediment_sampling.csv,XSDAnyURI,True
datatype mismatch,ss,sampl_person_orcid,10,0000-0001-8164-581X,https://orcid.org/0000-0001-8164-581X,,/github/workspace/logsheets/filtered/sediment_sampling.csv,XSDAnyURI,True
datatype mismatch,ss,sampl_person_orcid,11,0000-0001-8164-581X,https://orcid.org/0000-0001-8164-581X,,/github/workspace/logsheets/filtered/sediment_sampling.csv,XSDAnyURI,True
datatype mismatch,ss,sampl_person_orcid,12,0000-0001-8164-581X,https://orcid.org/0000-0001-8164-581X,,/github/workspace/logsheets/filtered/sediment_sampling.csv,XSDAnyURI,True
datatype mismatch,ss,sampl_person_orcid,13,0000-0001-8164-581X,https://orcid.org/0000-0001-8164-581X,,/github/workspace/logsheets/filtered/sediment_sampling.csv,XSDAnyURI,True
datatype mismatch,ss,sampl_person_orcid,14,0000-0001-8164-581X,https://orcid.org/0000-0001-8164-581X,,/github/workspace/logsheets/filtered/sediment_sampling.csv,XSDAnyURI,True
datatype mismatch,ss,sampl_person_orcid,15,0000-0001-8164-581X,https://orcid.org/0000-0001-8164-581X,,/github/workspace/logsheets/filtered/sediment_sampling.csv,XSDAnyURI,True
datatype mismatch,ss,ship_date,1,2021-10-12 00:00:00,2021-10-12,,/github/workspace/logsheets/filtered/sediment_sampling.csv,XSDDate,False
datatype mismatch,ss,ship_date,2,2021-10-12 00:00:00,2021-10-12,,/github/workspace/logsheets/filtered/sediment_sampling.csv,XSDDate,False
datatype mismatch,ss,ship_date,6,2022-01-24 00:00:00,2022-01-24,,/github/workspace/logsheets/filtered/sediment_sampling.csv,XSDDate,False
datatype mismatch,ss,ship_date,7,2022-01-24 00:00:00,2022-01-24,,/github/workspace/logsheets/filtered/sediment_sampling.csv,XSDDate,False
datatype mismatch,ss,ship_date,11,2022-01-24 00:00:00,2022-01-24,,/github/workspace/logsheets/filtered/sediment_sampling.csv,XSDDate,False
datatype mismatch,ss,ship_date,12,2022-01-24 00:00:00,2022-01-24,,/github/workspace/logsheets/filtered/sediment_sampling.csv,XSDDate,False
datatype mismatch,ss,ship_date_seq,1,2021-11-24 00:00:00,2021-11-24,,/github/workspace/logsheets/filtered/sediment_sampling.csv,XSDDate,False
datatype mismatch,ss,ship_date_seq,2,2021-11-24 00:00:00,2021-11-24,,/github/workspace/logsheets/filtered/sediment_sampling.csv,XSDDate,False
datatype mismatch,ss,ship_date_seq,6,2022-02-22 00:00:00,2022-02-22,,/github/workspace/logsheets/filtered/sediment_sampling.csv,XSDDate,False
datatype mismatch,ss,ship_date_seq,7,2022-02-22 00:00:00,2022-02-22,,/github/workspace/logsheets/filtered/sediment_sampling.csv,XSDDate,False
datatype mismatch,ss,ship_date_seq,11,2022-02-22 00:00:00,2022-02-22,,/github/workspace/logsheets/filtered/sediment_sampling.csv,XSDDate,False
datatype mismatch,ss,ship_date_seq,12,2022-02-22 00:00:00,2022-02-22,,/github/workspace/logsheets/filtered/sediment_sampling.csv,XSDDate,False
datatype mismatch,ss,store_person_orcid,1,0000-0001-8164-581X,https://orcid.org/0000-0001-8164-581X,,/github/workspace/logsheets/filtered/sediment_sampling.csv,XSDAnyURI,True
datatype mismatch,ss,store_person_orcid,2,0000-0001-8164-581X,https://orcid.org/0000-0001-8164-581X,,/github/workspace/logsheets/filtered/sediment_sampling.csv,XSDAnyURI,True
datatype mismatch,ss,store_person_orcid,3,0000-0001-8164-581X,https://orcid.org/0000-0001-8164-581X,,/github/workspace/logsheets/filtered/sediment_sampling.csv,XSDAnyURI,True
datatype mismatch,ss,store_person_orcid,4,0000-0001-8164-581X,https://orcid.org/0000-0001-8164-581X,,/github/workspace/logsheets/filtered/sediment_sampling.csv,XSDAnyURI,True
datatype mismatch,ss,store_person_orcid,5,0000-0001-8164-581X,https://orcid.org/0000-0001-8164-581X,,/github/workspace/logsheets/filtered/sediment_sampling.csv,XSDAnyURI,True
datatype mismatch,ss,store_person_orcid,6,0000-0001-8164-581X,https://orcid.org/0000-0001-8164-581X,,/github/workspace/logsheets/filtered/sediment_sampling.csv,XSDAnyURI,True
datatype mismatch,ss,store_person_orcid,7,0000-0001-8164-581X,https://orcid.org/0000-0001-8164-581X,,/github/workspace/logsheets/filtered/sediment_sampling.csv,XSDAnyURI,True
datatype mismatch,ss,store_person_orcid,8,0000-0001-8164-581X,https://orcid.org/0000-0001-8164-581X,,/github/workspace/logsheets/filtered/sediment_sampling.csv,XSDAnyURI,True
datatype mismatch,ss,store_person_orcid,9,0000-0001-8164-581X,https://orcid.org/0000-0001-8164-581X,,/github/workspace/logsheets/filtered/sediment_sampling.csv,XSDAnyURI,True
datatype mismatch,ss,store_person_orcid,10,0000-0001-8164-581X,https://orcid.org/0000-0001-8164-581X,,/github/workspace/logsheets/filtered/sediment_sampling.csv,XSDAnyURI,True
datatype mismatch,ss,store_person_orcid,11,0000-0001-8164-581X,https://orcid.org/0000-0001-8164-581X,,/github/workspace/logsheets/filtered/sediment_sampling.csv,XSDAnyURI,True
datatype mismatch,ss,store_person_orcid,12,0000-0001-8164-581X,https://orcid.org/0000-0001-8164-581X,,/github/workspace/logsheets/filtered/sediment_sampling.csv,XSDAnyURI,True
datatype mismatch,ss,store_person_orcid,13,0000-0001-8164-581X,https://orcid.org/0000-0001-8164-581X,,/github/workspace/logsheets/filtered/sediment_sampling.csv,XSDAnyURI,True
datatype mismatch,ss,store_person_orcid,14,0000-0001-8164-581X,https://orcid.org/0000-0001-8164-581X,,/github/workspace/logsheets/filtered/sediment_sampling.csv,XSDAnyURI,True
datatype mismatch,ss,store_person_orcid,15,0000-0001-8164-581X,https://orcid.org/0000-0001-8164-581X,,/github/workspace/logsheets/filtered/sediment_sampling.csv,XSDAnyURI,True
datatype mismatch,ss,tax_id,1,412755,https://www.ncbi.nlm.nih.gov/taxonomy/browser/wwwtax.cgi?id=412755,,/github/workspace/logsheets/filtered/sediment_sampling.csv,XSDAnyURI,False
datatype mismatch,ss,tax_id,2,412755,https://www.ncbi.nlm.nih.gov/taxonomy/browser/wwwtax.cgi?id=412755,,/github/workspace/logsheets/filtered/sediment_sampling.csv,XSDAnyURI,False
datatype mismatch,ss,tax_id,3,412755,https://www.ncbi.nlm.nih.gov/taxonomy/browser/wwwtax.cgi?id=412755,,/github/workspace/logsheets/filtered/sediment_sampling.csv,XSDAnyURI,False
datatype mismatch,ss,tax_id,4,412755,https://www.ncbi.nlm.nih.gov/taxonomy/browser/wwwtax.cgi?id=412755,,/github/workspace/logsheets/filtered/sediment_sampling.csv,XSDAnyURI,False
datatype mismatch,ss,tax_id,5,256318,https://www.ncbi.nlm.nih.gov/taxonomy/browser/wwwtax.cgi?id=256318,,/github/workspace/logsheets/filtered/sediment_sampling.csv,XSDAnyURI,False
datatype mismatch,ss,tax_id,6,412755,https://www.ncbi.nlm.nih.gov/taxonomy/browser/wwwtax.cgi?id=412755,,/github/workspace/logsheets/filtered/sediment_sampling.csv,XSDAnyURI,False
datatype mismatch,ss,tax_id,7,412755,https://www.ncbi.nlm.nih.gov/taxonomy/browser/wwwtax.cgi?id=412755,,/github/workspace/logsheets/filtered/sediment_sampling.csv,XSDAnyURI,False
datatype mismatch,ss,tax_id,8,412755,https://www.ncbi.nlm.nih.gov/taxonomy/browser/wwwtax.cgi?id=412755,,/github/workspace/logsheets/filtered/sediment_sampling.csv,XSDAnyURI,False
datatype mismatch,ss,tax_id,9,412755,https://www.ncbi.nlm.nih.gov/taxonomy/browser/wwwtax.cgi?id=412755,,/github/workspace/logsheets/filtered/sediment_sampling.csv,XSDAnyURI,False
datatype mismatch,ss,tax_id,10,256318,https://www.ncbi.nlm.nih.gov/taxonomy/browser/wwwtax.cgi?id=256318,,/github/workspace/logsheets/filtered/sediment_sampling.csv,XSDAnyURI,False
datatype mismatch,ss,tax_id,11,412755,https://www.ncbi.nlm.nih.gov/taxonomy/browser/wwwtax.cgi?id=412755,,/github/workspace/logsheets/filtered/sediment_sampling.csv,XSDAnyURI,False
datatype mismatch,ss,tax_id,12,412755,https://www.ncbi.nlm.nih.gov/taxonomy/browser/wwwtax.cgi?id=412755,,/github/workspace/logsheets/filtered/sediment_sampling.csv,XSDAnyURI,False
datatype mismatch,ss,tax_id,13,412755,https://www.ncbi.nlm.nih.gov/taxonomy/browser/wwwtax.cgi?id=412755,,/github/workspace/logsheets/filtered/sediment_sampling.csv,XSDAnyURI,False
datatype mismatch,ss,tax_id,14,412755,https://www.ncbi.nlm.nih.gov/taxonomy/browser/wwwtax.cgi?id=412755,,/github/workspace/logsheets/filtered/sediment_sampling.csv,XSDAnyURI,False
datatype mismatch,ss,tax_id,15,256318,https://www.ncbi.nlm.nih.gov/taxonomy/browser/wwwtax.cgi?id=256318,,/github/workspace/logsheets/filtered/sediment_sampling.csv,XSDAnyURI,False
datatype mismatch,ss,failure,1,F,false,,/github/workspace/logsheets/filtered/sediment_sampling.csv,XSDBoolean,False
datatype mismatch,ss,failure,2,F,false,,/github/workspace/logsheets/filtered/sediment_sampling.csv,XSDBoolean,False
datatype mismatch,ss,failure,6,F,false,,/github/workspace/logsheets/filtered/sediment_sampling.csv,XSDBoolean,False
datatype mismatch,ss,failure,7,F,false,,/github/workspace/logsheets/filtered/sediment_sampling.csv,XSDBoolean,False
datatype mismatch,ss,failure,11,F,false,,/github/workspace/logsheets/filtered/sediment_sampling.csv,XSDBoolean,False
datatype mismatch,ss,failure,12,F,false,,/github/workspace/logsheets/filtered/sediment_sampling.csv,XSDBoolean,False
datatype mismatch,ss,samp_store_date,1,2021-08-05 00:00:00,2021-08-05,,/github/workspace/logsheets/filtered/sediment_sampling.csv,XSDDate,False
datatype mismatch,ss,samp_store_date,2,2021-08-05 00:00:00,2021-08-05,,/github/workspace/logsheets/filtered/sediment_sampling.csv,XSDDate,False
datatype mismatch,ss,samp_store_date,3,2021-08-05 00:00:00,2021-08-05,,/github/workspace/logsheets/filtered/sediment_sampling.csv,XSDDate,False
datatype mismatch,ss,samp_store_date,4,2021-08-05 00:00:00,2021-08-05,,/github/workspace/logsheets/filtered/sediment_sampling.csv,XSDDate,False
datatype mismatch,ss,samp_store_date,5,2021-08-05 00:00:00,2021-08-05,,/github/workspace/logsheets/filtered/sediment_sampling.csv,XSDDate,False
datatype mismatch,ss,samp_store_date,6,2021-10-22 00:00:00,2021-10-22,,/github/workspace/logsheets/filtered/sediment_sampling.csv,XSDDate,False
datatype mismatch,ss,samp_store_date,7,2021-10-22 00:00:00,2021-10-22,,/github/workspace/logsheets/filtered/sediment_sampling.csv,XSDDate,False
datatype mismatch,ss,samp_store_date,8,2021-10-22 00:00:00,2021-10-22,,/github/workspace/logsheets/filtered/sediment_sampling.csv,XSDDate,False
datatype mismatch,ss,samp_store_date,9,2021-10-22 00:00:00,2021-10-22,,/github/workspace/logsheets/filtered/sediment_sampling.csv,XSDDate,False
datatype mismatch,ss,samp_store_date,10,2021-10-22 00:00:00,2021-10-22,,/github/workspace/logsheets/filtered/sediment_sampling.csv,XSDDate,False
datatype mismatch,ss,samp_store_date,11,2021-12-20 00:00:00,2021-12-20,,/github/workspace/logsheets/filtered/sediment_sampling.csv,XSDDate,False
datatype mismatch,ss,samp_store_date,12,2021-12-20 00:00:00,2021-12-20,,/github/workspace/logsheets/filtered/sediment_sampling.csv,XSDDate,False
datatype mismatch,ss,samp_store_date,13,2021-12-20 00:00:00,2021-12-20,,/github/workspace/logsheets/filtered/sediment_sampling.csv,XSDDate,False
datatype mismatch,ss,samp_store_date,14,2021-12-20 00:00:00,2021-12-20,,/github/workspace/logsheets/filtered/sediment_sampling.csv,XSDDate,False
datatype mismatch,ss,samp_store_date,15,2021-12-20 00:00:00,2021-12-20,,/github/workspace/logsheets/filtered/sediment_sampling.csv,XSDDate,False
missing value,wm,sea_subsurf_salinity,191,,,,/github/workspace/logsheets/filtered/water_measured.csv,XSDFloat,False
missing value,wm,sea_subsurf_salinity,192,,,,/github/workspace/logsheets/filtered/water_measured.csv,XSDFloat,False
missing value,wm,sea_subsurf_salinity,193,,,,/github/workspace/logsheets/filtered/water_measured.csv,XSDFloat,False
missing value,wm,sea_subsurf_salinity,194,,,,/github/workspace/logsheets/filtered/water_measured.csv,XSDFloat,False
missing value,wm,sea_subsurf_salinity,195,,,,/github/workspace/logsheets/filtered/water_measured.csv,XSDFloat,False
missing value,wm,sea_subsurf_salinity,196,,,,/github/workspace/logsheets/filtered/water_measured.csv,XSDFloat,False
missing value,wm,sea_subsurf_salinity,197,,,,/github/workspace/logsheets/filtered/water_measured.csv,XSDFloat,False
missing value,wm,sea_subsurf_salinity,198,,,,/github/workspace/logsheets/filtered/water_measured.csv,XSDFloat,False
missing value,wm,sea_subsurf_salinity,199,,,,/github/workspace/logsheets/filtered/water_measured.csv,XSDFloat,False
missing value,wm,sea_subsurf_salinity_method,191,,,,/github/workspace/logsheets/filtered/water_measured.csv,XSDString,False
missing value,wm,sea_subsurf_salinity_method,192,,,,/github/workspace/logsheets/filtered/water_measured.csv,XSDString,False
missing value,wm,sea_subsurf_salinity_method,193,,,,/github/workspace/logsheets/filtered/water_measured.csv,XSDString,False
missing value,wm,sea_subsurf_salinity_method,194,,,,/github/workspace/logsheets/filtered/water_measured.csv,XSDString,False
missing value,wm,sea_subsurf_salinity_method,195,,,,/github/workspace/logsheets/filtered/water_measured.csv,XSDString,False
missing value,wm,sea_subsurf_salinity_method,196,,,,/github/workspace/logsheets/filtered/water_measured.csv,XSDString,False
missing value,wm,sea_subsurf_salinity_method,197,,,,/github/workspace/logsheets/filtered/water_measured.csv,XSDString,False
missing value,wm,sea_subsurf_salinity_method,198,,,,/github/workspace/logsheets/filtered/water_measured.csv,XSDString,False
missing value,wm,sea_subsurf_salinity_method,199,,,,/github/workspace/logsheets/filtered/water_measured.csv,XSDString,False
missing value,wm,sea_subsurf_temp,191,,,,/github/workspace/logsheets/filtered/water_measured.csv,XSDFloat,False
missing value,wm,sea_subsurf_temp,192,,,,/github/workspace/logsheets/filtered/water_measured.csv,XSDFloat,False
missing value,wm,sea_subsurf_temp,193,,,,/github/workspace/logsheets/filtered/water_measured.csv,XSDFloat,False
missing value,wm,sea_subsurf_temp,194,,,,/github/workspace/logsheets/filtered/water_measured.csv,XSDFloat,False
missing value,wm,sea_subsurf_temp,195,,,,/github/workspace/logsheets/filtered/water_measured.csv,XSDFloat,False
missing value,wm,sea_subsurf_temp,196,,,,/github/workspace/logsheets/filtered/water_measured.csv,XSDFloat,False
missing value,wm,sea_subsurf_temp,197,,,,/github/workspace/logsheets/filtered/water_measured.csv,XSDFloat,False
missing value,wm,sea_subsurf_temp,198,,,,/github/workspace/logsheets/filtered/water_measured.csv,XSDFloat,False
missing value,wm,sea_subsurf_temp,199,,,,/github/workspace/logsheets/filtered/water_measured.csv,XSDFloat,False
missing value,wm,sea_subsurf_temp_method,191,,,,/github/workspace/logsheets/filtered/water_measured.csv,XSDString,False
missing value,wm,sea_subsurf_temp_method,192,,,,/github/workspace/logsheets/filtered/water_measured.csv,XSDString,False
missing value,wm,sea_subsurf_temp_method,193,,,,/github/workspace/logsheets/filtered/water_measured.csv,XSDString,False
missing value,wm,sea_subsurf_temp_method,194,,,,/github/workspace/logsheets/filtered/water_measured.csv,XSDString,False
missing value,wm,sea_subsurf_temp_method,195,,,,/github/workspace/logsheets/filtered/water_measured.csv,XSDString,False
missing value,wm,sea_subsurf_temp_method,196,,,,/github/workspace/logsheets/filtered/water_measured.csv,XSDString,False
missing value,wm,sea_subsurf_temp_method,197,,,,/github/workspace/logsheets/filtered/water_measured.csv,XSDString,False
missing value,wm,sea_subsurf_temp_method,198,,,,/github/workspace/logsheets/filtered/water_measured.csv,XSDString,False
missing value,wm,sea_subsurf_temp_method,199,,,,/github/workspace/logsheets/filtered/water_measured.csv,XSDString,False
missing value,wm,sea_surf_temp,191,,,,/github/workspace/logsheets/filtered/water_measured.csv,XSDFloat,False
missing value,wm,sea_surf_temp,192,,,,/github/workspace/logsheets/filtered/water_measured.csv,XSDFloat,False
missing value,wm,sea_surf_temp,193,,,,/github/workspace/logsheets/filtered/water_measured.csv,XSDFloat,False
missing value,wm,sea_surf_temp,194,,,,/github/workspace/logsheets/filtered/water_measured.csv,XSDFloat,False
missing value,wm,sea_surf_temp,195,,,,/github/workspace/logsheets/filtered/water_measured.csv,XSDFloat,False
missing value,wm,sea_surf_temp,196,,,,/github/workspace/logsheets/filtered/water_measured.csv,XSDFloat,False
missing value,wm,sea_surf_temp,197,,,,/github/workspace/logsheets/filtered/water_measured.csv,XSDFloat,False
missing value,wm,sea_surf_temp,198,,,,/github/workspace/logsheets/filtered/water_measured.csv,XSDFloat,False
missing value,wm,sea_surf_temp,199,,,,/github/workspace/logsheets/filtered/water_measured.csv,XSDFloat,False
missing value,wm,sea_surf_temp_method,191,,,,/github/workspace/logsheets/filtered/water_measured.csv,XSDString,False
missing value,wm,sea_surf_temp_method,192,,,,/github/workspace/logsheets/filtered/water_measured.csv,XSDString,False
missing value,wm,sea_surf_temp_method,193,,,,/github/workspace/logsheets/filtered/water_measured.csv,XSDString,False
missing value,wm,sea_surf_temp_method,194,,,,/github/workspace/logsheets/filtered/water_measured.csv,XSDString,False
missing value,wm,sea_surf_temp_method,195,,,,/github/workspace/logsheets/filtered/water_measured.csv,XSDString,False
missing value,wm,sea_surf_temp_method,196,,,,/github/workspace/logsheets/filtered/water_measured.csv,XSDString,False
missing value,wm,sea_surf_temp_method,197,,,,/github/workspace/logsheets/filtered/water_measured.csv,XSDString,False
missing value,wm,sea_surf_temp_method,198,,,,/github/workspace/logsheets/filtered/water_measured.csv,XSDString,False
missing value,wm,sea_surf_temp_method,199,,,,/github/workspace/logsheets/filtered/water_measured.csv,XSDString,False
missing value,wm,source_mat_id,191,,,,/github/workspace/logsheets/filtered/water_measured.csv,XSDString,False
missing value,wm,source_mat_id,192,,,,/github/workspace/logsheets/filtered/water_measured.csv,XSDString,False
missing value,wm,source_mat_id,193,,,,/github/workspace/logsheets/filtered/water_measured.csv,XSDString,False
missing value,wm,source_mat_id,194,,,,/github/workspace/logsheets/filtered/water_measured.csv,XSDString,False
missing value,wm,source_mat_id,195,,,,/github/workspace/logsheets/filtered/water_measured.csv,XSDString,False
missing value,wm,source_mat_id,196,,,,/github/workspace/logsheets/filtered/water_measured.csv,XSDString,False
missing value,wm,source_mat_id,197,,,,/github/workspace/logsheets/filtered/water_measured.csv,XSDString,False
missing value,wm,source_mat_id,198,,,,/github/workspace/logsheets/filtered/water_measured.csv,XSDString,False
missing value,wm,source_mat_id,199,,,,/github/workspace/logsheets/filtered/water_measured.csv,XSDString,False
datatype mismatch,wo,contact_orcid,1,0000-0001-8164-581X,https://orcid.org/0000-0001-8164-581X,,/github/workspace/logsheets/filtered/water_observatory.csv,XSDAnyURI,True
datatype mismatch,wo,loc_broad_ocean_mrgid,1,1902,http://marineregions.org/mrgid/1902,,/github/workspace/logsheets/filtered/water_observatory.csv,XSDAnyURI,False
datatype mismatch,wo,loc_loc_mrgid,1,29473,http://marineregions.org/mrgid/29473,,/github/workspace/logsheets/filtered/water_observatory.csv,XSDAnyURI,False
datatype mismatch,wo,loc_regional_mrgid,1,1912,http://marineregions.org/mrgid/1912,,/github/workspace/logsheets/filtered/water_observatory.csv,XSDAnyURI,False
datatype mismatch,wo,ENA_accession_number_project,1,PRJEB51661,https://www.ebi.ac.uk/ena/browser/view/PRJEB51661,,/github/workspace/logsheets/filtered/water_observatory.csv,XSDAnyURI,False
datatype mismatch,wo,ENA_accession_number_umbrella,1,PRJEB51688,https://www.ebi.ac.uk/ena/browser/view/PRJEB51688,,/github/workspace/logsheets/filtered/water_observatory.csv,XSDAnyURI,False
missing value,ws,ENA_accession_number_sample,1,,,,/github/workspace/logsheets/filtered/water_sampling.csv,XSDAnyURI,False
missing value,ws,ENA_accession_number_sample,2,,,,/github/workspace/logsheets/filtered/water_sampling.csv,XSDAnyURI,False
missing value,ws,ENA_accession_number_sample,5,,,,/github/workspace/logsheets/filtered/water_sampling.csv,XSDAnyURI,False
missing value,ws,ENA_accession_number_sample,6,,,,/github/workspace/logsheets/filtered/water_sampling.csv,XSDAnyURI,False
missing value,ws,ENA_accession_number_sample,11,,,,/github/workspace/logsheets/filtered/water_sampling.csv,XSDAnyURI,False
missing value,ws,ENA_accession_number_sample,12,,,,/github/workspace/logsheets/filtered/water_sampling.csv,XSDAnyURI,False
missing value,ws,ENA_accession_number_sample,15,,,,/github/workspace/logsheets/filtered/water_sampling.csv,XSDAnyURI,False
missing value,ws,ENA_accession_number_sample,16,,,,/github/workspace/logsheets/filtered/water_sampling.csv,XSDAnyURI,False
missing value,ws,ENA_accession_number_sample,21,,,,/github/workspace/logsheets/filtered/water_sampling.csv,XSDAnyURI,False
missing value,ws,ENA_accession_number_sample,22,,,,/github/workspace/logsheets/filtered/water_sampling.csv,XSDAnyURI,False
missing value,ws,ENA_accession_number_sample,25,,,,/github/workspace/logsheets/filtered/water_sampling.csv,XSDAnyURI,False
missing value,ws,ENA_accession_number_sample,26,,,,/github/workspace/logsheets/filtered/water_sampling.csv,XSDAnyURI,False
datatype mismatch,ws,arr_date_hq,1,2021-10-19 00:00:00,2021-10-19,,/github/workspace/logsheets/filtered/water_sampling.csv,XSDDate,False
datatype mismatch,ws,arr_date_hq,2,2021-10-19 00:00:00,2021-10-19,,/github/workspace/logsheets/filtered/water_sampling.csv,XSDDate,False
datatype mismatch,ws,arr_date_hq,5,2021-10-19 00:00:00,2021-10-19,,/github/workspace/logsheets/filtered/water_sampling.csv,XSDDate,False
datatype mismatch,ws,arr_date_hq,6,2021-10-19 00:00:00,2021-10-19,,/github/workspace/logsheets/filtered/water_sampling.csv,XSDDate,False
datatype mismatch,ws,arr_date_hq,11,2022-02-02 00:00:00,2022-02-02,,/github/workspace/logsheets/filtered/water_sampling.csv,XSDDate,False
datatype mismatch,ws,arr_date_hq,12,2022-02-02 00:00:00,2022-02-02,,/github/workspace/logsheets/filtered/water_sampling.csv,XSDDate,False
datatype mismatch,ws,arr_date_hq,15,2022-02-02 00:00:00,2022-02-02,,/github/workspace/logsheets/filtered/water_sampling.csv,XSDDate,False
datatype mismatch,ws,arr_date_hq,16,2022-02-02 00:00:00,2022-02-02,,/github/workspace/logsheets/filtered/water_sampling.csv,XSDDate,False
datatype mismatch,ws,arr_date_hq,21,2022-02-02 00:00:00,2022-02-02,,/github/workspace/logsheets/filtered/water_sampling.csv,XSDDate,False
datatype mismatch,ws,arr_date_hq,22,2022-02-02 00:00:00,2022-02-02,,/github/workspace/logsheets/filtered/water_sampling.csv,XSDDate,False
datatype mismatch,ws,arr_date_hq,25,2022-02-02 00:00:00,2022-02-02,,/github/workspace/logsheets/filtered/water_sampling.csv,XSDDate,False
datatype mismatch,ws,arr_date_hq,26,2022-02-02 00:00:00,2022-02-02,,/github/workspace/logsheets/filtered/water_sampling.csv,XSDDate,False
datatype mismatch,ws,arr_date_hq,29,2022-02-02 00:00:00,2022-02-02,,/github/workspace/logsheets/filtered/water_sampling.csv,XSDDate,False
datatype mismatch,ws,arr_date_hq,30,2022-02-02 00:00:00,2022-02-02,,/github/workspace/logsheets/filtered/water_sampling.csv,XSDDate,False
datatype mismatch,ws,arr_date_seq,1,2021-11-24 00:00:00,2021-11-24,,/github/workspace/logsheets/filtered/water_sampling.csv,XSDDate,False
datatype mismatch,ws,arr_date_seq,2,2021-11-24 00:00:00,2021-11-24,,/github/workspace/logsheets/filtered/water_sampling.csv,XSDDate,False
datatype mismatch,ws,arr_date_seq,5,2021-11-24 00:00:00,2021-11-24,,/github/workspace/logsheets/filtered/water_sampling.csv,XSDDate,False
datatype mismatch,ws,arr_date_seq,6,2021-11-24 00:00:00,2021-11-24,,/github/workspace/logsheets/filtered/water_sampling.csv,XSDDate,False
datatype mismatch,ws,arr_date_seq,11,2022-02-23 00:00:00,2022-02-23,,/github/workspace/logsheets/filtered/water_sampling.csv,XSDDate,False
datatype mismatch,ws,arr_date_seq,12,2022-02-23 00:00:00,2022-02-23,,/github/workspace/logsheets/filtered/water_sampling.csv,XSDDate,False
datatype mismatch,ws,arr_date_seq,15,2022-02-23 00:00:00,2022-02-23,,/github/workspace/logsheets/filtered/water_sampling.csv,XSDDate,False
datatype mismatch,ws,arr_date_seq,16,2022-02-23 00:00:00,2022-02-23,,/github/workspace/logsheets/filtered/water_sampling.csv,XSDDate,False
datatype mismatch,ws,arr_date_seq,21,2022-02-23 00:00:00,2022-02-23,,/github/workspace/logsheets/filtered/water_sampling.csv,XSDDate,False
datatype mismatch,ws,arr_date_seq,22,2022-02-23 00:00:00,2022-02-23,,/github/workspace/logsheets/filtered/water_sampling.csv,XSDDate,False
datatype mismatch,ws,arr_date_seq,25,2022-02-23 00:00:00,2022-02-23,,/github/workspace/logsheets/filtered/water_sampling.csv,XSDDate,False
datatype mismatch,ws,arr_date_seq,26,2022-02-23 00:00:00,2022-02-23,,/github/workspace/logsheets/filtered/water_sampling.csv,XSDDate,False
datatype mismatch,ws,arr_date_seq,29,2022-02-23 00:00:00,2022-02-23,,/github/workspace/logsheets/filtered/water_sampling.csv,XSDDate,False
datatype mismatch,ws,arr_date_seq,30,2022-02-23 00:00:00,2022-02-23,,/github/workspace/logsheets/filtered/water_sampling.csv,XSDDate,False
datatype mismatch,ws,collection_date,1,2021-08-05 00:00:00,2021-08-05,,/github/workspace/logsheets/filtered/water_sampling.csv,XSDDate,False
datatype mismatch,ws,collection_date,2,2021-08-05 00:00:00,2021-08-05,,/github/workspace/logsheets/filtered/water_sampling.csv,XSDDate,False
datatype mismatch,ws,collection_date,3,2021-08-05 00:00:00,2021-08-05,,/github/workspace/logsheets/filtered/water_sampling.csv,XSDDate,False
datatype mismatch,ws,collection_date,4,2021-08-05 00:00:00,2021-08-05,,/github/workspace/logsheets/filtered/water_sampling.csv,XSDDate,False
datatype mismatch,ws,collection_date,5,2021-08-05 00:00:00,2021-08-05,,/github/workspace/logsheets/filtered/water_sampling.csv,XSDDate,False
datatype mismatch,ws,collection_date,6,2021-08-05 00:00:00,2021-08-05,,/github/workspace/logsheets/filtered/water_sampling.csv,XSDDate,False
datatype mismatch,ws,collection_date,7,2021-08-05 00:00:00,2021-08-05,,/github/workspace/logsheets/filtered/water_sampling.csv,XSDDate,False
datatype mismatch,ws,collection_date,8,2021-08-05 00:00:00,2021-08-05,,/github/workspace/logsheets/filtered/water_sampling.csv,XSDDate,False
datatype mismatch,ws,collection_date,9,2021-08-05 00:00:00,2021-08-05,,/github/workspace/logsheets/filtered/water_sampling.csv,XSDDate,False
datatype mismatch,ws,collection_date,10,2021-08-05 00:00:00,2021-08-05,,/github/workspace/logsheets/filtered/water_sampling.csv,XSDDate,False
datatype mismatch,ws,collection_date,11,2021-10-22 00:00:00,2021-10-22,,/github/workspace/logsheets/filtered/water_sampling.csv,XSDDate,False
datatype mismatch,ws,collection_date,12,2021-10-22 00:00:00,2021-10-22,,/github/workspace/logsheets/filtered/water_sampling.csv,XSDDate,False
datatype mismatch,ws,collection_date,13,2021-10-22 00:00:00,2021-10-22,,/github/workspace/logsheets/filtered/water_sampling.csv,XSDDate,False
datatype mismatch,ws,collection_date,14,2021-10-22 00:00:00,2021-10-22,,/github/workspace/logsheets/filtered/water_sampling.csv,XSDDate,False
datatype mismatch,ws,collection_date,15,2021-10-22 00:00:00,2021-10-22,,/github/workspace/logsheets/filtered/water_sampling.csv,XSDDate,False
datatype mismatch,ws,collection_date,16,2021-10-22 00:00:00,2021-10-22,,/github/workspace/logsheets/filtered/water_sampling.csv,XSDDate,False
datatype mismatch,ws,collection_date,17,2021-10-22 00:00:00,2021-10-22,,/github/workspace/logsheets/filtered/water_sampling.csv,XSDDate,False
datatype mismatch,ws,collection_date,18,2021-10-22 00:00:00,2021-10-22,,/github/workspace/logsheets/filtered/water_sampling.csv,XSDDate,False
datatype mismatch,ws,collection_date,19,2021-10-22 00:00:00,2021-10-22,,/github/workspace/logsheets/filtered/water_sampling.csv,XSDDate,False
datatype mismatch,ws,collection_date,20,2021-10-22 00:00:00,2021-10-22,,/github/workspace/logsheets/filtered/water_sampling.csv,XSDDate,False
datatype mismatch,ws,collection_date,21,2021-12-20 00:00:00,2021-12-20,,/github/workspace/logsheets/filtered/water_sampling.csv,XSDDate,False
datatype mismatch,ws,collection_date,22,2021-12-20 00:00:00,2021-12-20,,/github/workspace/logsheets/filtered/water_sampling.csv,XSDDate,False
datatype mismatch,ws,collection_date,23,2021-12-20 00:00:00,2021-12-20,,/github/workspace/logsheets/filtered/water_sampling.csv,XSDDate,False
datatype mismatch,ws,collection_date,24,2021-12-20 00:00:00,2021-12-20,,/github/workspace/logsheets/filtered/water_sampling.csv,XSDDate,False
datatype mismatch,ws,collection_date,25,2021-12-20 00:00:00,2021-12-20,,/github/workspace/logsheets/filtered/water_sampling.csv,XSDDate,False
datatype mismatch,ws,collection_date,26,2021-12-20 00:00:00,2021-12-20,,/github/workspace/logsheets/filtered/water_sampling.csv,XSDDate,False
datatype mismatch,ws,collection_date,27,2021-12-20 00:00:00,2021-12-20,,/github/workspace/logsheets/filtered/water_sampling.csv,XSDDate,False
datatype mismatch,ws,collection_date,28,2021-12-20 00:00:00,2021-12-20,,/github/workspace/logsheets/filtered/water_sampling.csv,XSDDate,False
datatype mismatch,ws,collection_date,29,2021-12-20 00:00:00,2021-12-20,,/github/workspace/logsheets/filtered/water_sampling.csv,XSDDate,False
datatype mismatch,ws,collection_date,30,2021-12-20 00:00:00,2021-12-20,,/github/workspace/logsheets/filtered/water_sampling.csv,XSDDate,False
datatype mismatch,ws,long_store,1,N,false,,/github/workspace/logsheets/filtered/water_sampling.csv,XSDBoolean,False
datatype mismatch,ws,long_store,2,N,false,,/github/workspace/logsheets/filtered/water_sampling.csv,XSDBoolean,False
datatype mismatch,ws,long_store,3,Y,true,,/github/workspace/logsheets/filtered/water_sampling.csv,XSDBoolean,False
datatype mismatch,ws,long_store,4,Y,true,,/github/workspace/logsheets/filtered/water_sampling.csv,XSDBoolean,False
datatype mismatch,ws,long_store,5,N,false,,/github/workspace/logsheets/filtered/water_sampling.csv,XSDBoolean,False
datatype mismatch,ws,long_store,6,N,false,,/github/workspace/logsheets/filtered/water_sampling.csv,XSDBoolean,False
datatype mismatch,ws,long_store,7,Y,true,,/github/workspace/logsheets/filtered/water_sampling.csv,XSDBoolean,False
datatype mismatch,ws,long_store,8,Y,true,,/github/workspace/logsheets/filtered/water_sampling.csv,XSDBoolean,False
datatype mismatch,ws,long_store,9,Y,true,,/github/workspace/logsheets/filtered/water_sampling.csv,XSDBoolean,False
datatype mismatch,ws,long_store,10,Y,true,,/github/workspace/logsheets/filtered/water_sampling.csv,XSDBoolean,False
datatype mismatch,ws,long_store,11,N,false,,/github/workspace/logsheets/filtered/water_sampling.csv,XSDBoolean,False
datatype mismatch,ws,long_store,12,N,false,,/github/workspace/logsheets/filtered/water_sampling.csv,XSDBoolean,False
datatype mismatch,ws,long_store,13,Y,true,,/github/workspace/logsheets/filtered/water_sampling.csv,XSDBoolean,False
datatype mismatch,ws,long_store,14,Y,true,,/github/workspace/logsheets/filtered/water_sampling.csv,XSDBoolean,False
datatype mismatch,ws,long_store,15,N,false,,/github/workspace/logsheets/filtered/water_sampling.csv,XSDBoolean,False
datatype mismatch,ws,long_store,16,N,false,,/github/workspace/logsheets/filtered/water_sampling.csv,XSDBoolean,False
datatype mismatch,ws,long_store,17,Y,true,,/github/workspace/logsheets/filtered/water_sampling.csv,XSDBoolean,False
datatype mismatch,ws,long_store,18,Y,true,,/github/workspace/logsheets/filtered/water_sampling.csv,XSDBoolean,False
datatype mismatch,ws,long_store,19,Y,true,,/github/workspace/logsheets/filtered/water_sampling.csv,XSDBoolean,False
datatype mismatch,ws,long_store,20,Y,true,,/github/workspace/logsheets/filtered/water_sampling.csv,XSDBoolean,False
datatype mismatch,ws,long_store,21,N,false,,/github/workspace/logsheets/filtered/water_sampling.csv,XSDBoolean,False
datatype mismatch,ws,long_store,22,N,false,,/github/workspace/logsheets/filtered/water_sampling.csv,XSDBoolean,False
datatype mismatch,ws,long_store,23,Y,true,,/github/workspace/logsheets/filtered/water_sampling.csv,XSDBoolean,False
datatype mismatch,ws,long_store,24,Y,true,,/github/workspace/logsheets/filtered/water_sampling.csv,XSDBoolean,False
datatype mismatch,ws,long_store,25,N,false,,/github/workspace/logsheets/filtered/water_sampling.csv,XSDBoolean,False
datatype mismatch,ws,long_store,26,N,false,,/github/workspace/logsheets/filtered/water_sampling.csv,XSDBoolean,False
datatype mismatch,ws,long_store,27,Y,true,,/github/workspace/logsheets/filtered/water_sampling.csv,XSDBoolean,False
datatype mismatch,ws,long_store,28,Y,true,,/github/workspace/logsheets/filtered/water_sampling.csv,XSDBoolean,False
datatype mismatch,ws,long_store,29,N,false,,/github/workspace/logsheets/filtered/water_sampling.csv,XSDBoolean,False
datatype mismatch,ws,long_store,30,N,false,,/github/workspace/logsheets/filtered/water_sampling.csv,XSDBoolean,False
datatype mismatch,ws,membr_cut,1,Y,true,,/github/workspace/logsheets/filtered/water_sampling.csv,XSDBoolean,False
datatype mismatch,ws,membr_cut,2,Y,true,,/github/workspace/logsheets/filtered/water_sampling.csv,XSDBoolean,False
datatype mismatch,ws,membr_cut,3,Y,true,,/github/workspace/logsheets/filtered/water_sampling.csv,XSDBoolean,False
datatype mismatch,ws,membr_cut,4,Y,true,,/github/workspace/logsheets/filtered/water_sampling.csv,XSDBoolean,False
datatype mismatch,ws,membr_cut,5,Y,true,,/github/workspace/logsheets/filtered/water_sampling.csv,XSDBoolean,False
datatype mismatch,ws,membr_cut,6,Y,true,,/github/workspace/logsheets/filtered/water_sampling.csv,XSDBoolean,False
datatype mismatch,ws,membr_cut,7,Y,true,,/github/workspace/logsheets/filtered/water_sampling.csv,XSDBoolean,False
datatype mismatch,ws,membr_cut,8,Y,true,,/github/workspace/logsheets/filtered/water_sampling.csv,XSDBoolean,False
datatype mismatch,ws,membr_cut,9,N,false,,/github/workspace/logsheets/filtered/water_sampling.csv,XSDBoolean,False
datatype mismatch,ws,membr_cut,10,N,false,,/github/workspace/logsheets/filtered/water_sampling.csv,XSDBoolean,False
datatype mismatch,ws,membr_cut,11,Y,true,,/github/workspace/logsheets/filtered/water_sampling.csv,XSDBoolean,False
datatype mismatch,ws,membr_cut,12,Y,true,,/github/workspace/logsheets/filtered/water_sampling.csv,XSDBoolean,False
datatype mismatch,ws,membr_cut,13,Y,true,,/github/workspace/logsheets/filtered/water_sampling.csv,XSDBoolean,False
datatype mismatch,ws,membr_cut,14,Y,true,,/github/workspace/logsheets/filtered/water_sampling.csv,XSDBoolean,False
datatype mismatch,ws,membr_cut,15,Y,true,,/github/workspace/logsheets/filtered/water_sampling.csv,XSDBoolean,False
datatype mismatch,ws,membr_cut,16,Y,true,,/github/workspace/logsheets/filtered/water_sampling.csv,XSDBoolean,False
datatype mismatch,ws,membr_cut,17,Y,true,,/github/workspace/logsheets/filtered/water_sampling.csv,XSDBoolean,False
datatype mismatch,ws,membr_cut,18,Y,true,,/github/workspace/logsheets/filtered/water_sampling.csv,XSDBoolean,False
datatype mismatch,ws,membr_cut,19,N,false,,/github/workspace/logsheets/filtered/water_sampling.csv,XSDBoolean,False
datatype mismatch,ws,membr_cut,20,N,false,,/github/workspace/logsheets/filtered/water_sampling.csv,XSDBoolean,False
datatype mismatch,ws,membr_cut,21,Y,true,,/github/workspace/logsheets/filtered/water_sampling.csv,XSDBoolean,False
datatype mismatch,ws,membr_cut,22,Y,true,,/github/workspace/logsheets/filtered/water_sampling.csv,XSDBoolean,False
datatype mismatch,ws,membr_cut,23,Y,true,,/github/workspace/logsheets/filtered/water_sampling.csv,XSDBoolean,False
datatype mismatch,ws,membr_cut,24,Y,true,,/github/workspace/logsheets/filtered/water_sampling.csv,XSDBoolean,False
datatype mismatch,ws,membr_cut,25,Y,true,,/github/workspace/logsheets/filtered/water_sampling.csv,XSDBoolean,False
datatype mismatch,ws,membr_cut,26,Y,true,,/github/workspace/logsheets/filtered/water_sampling.csv,XSDBoolean,False
datatype mismatch,ws,membr_cut,27,Y,true,,/github/workspace/logsheets/filtered/water_sampling.csv,XSDBoolean,False
datatype mismatch,ws,membr_cut,28,Y,true,,/github/workspace/logsheets/filtered/water_sampling.csv,XSDBoolean,False
datatype mismatch,ws,membr_cut,29,N,false,,/github/workspace/logsheets/filtered/water_sampling.csv,XSDBoolean,False
datatype mismatch,ws,membr_cut,30,N,false,,/github/workspace/logsheets/filtered/water_sampling.csv,XSDBoolean,False
datatype mismatch,ws,sampl_person_orcid,1,0000-0001-8164-581X,https://orcid.org/0000-0001-8164-581X,,/github/workspace/logsheets/filtered/water_sampling.csv,XSDAnyURI,True
datatype mismatch,ws,sampl_person_orcid,2,0000-0001-8164-581X,https://orcid.org/0000-0001-8164-581X,,/github/workspace/logsheets/filtered/water_sampling.csv,XSDAnyURI,True
datatype mismatch,ws,sampl_person_orcid,3,0000-0001-8164-581X,https://orcid.org/0000-0001-8164-581X,,/github/workspace/logsheets/filtered/water_sampling.csv,XSDAnyURI,True
datatype mismatch,ws,sampl_person_orcid,4,0000-0001-8164-581X,https://orcid.org/0000-0001-8164-581X,,/github/workspace/logsheets/filtered/water_sampling.csv,XSDAnyURI,True
datatype mismatch,ws,sampl_person_orcid,5,0000-0001-8164-581X,https://orcid.org/0000-0001-8164-581X,,/github/workspace/logsheets/filtered/water_sampling.csv,XSDAnyURI,True
datatype mismatch,ws,sampl_person_orcid,6,0000-0001-8164-581X,https://orcid.org/0000-0001-8164-581X,,/github/workspace/logsheets/filtered/water_sampling.csv,XSDAnyURI,True
datatype mismatch,ws,sampl_person_orcid,7,0000-0001-8164-581X,https://orcid.org/0000-0001-8164-581X,,/github/workspace/logsheets/filtered/water_sampling.csv,XSDAnyURI,True
datatype mismatch,ws,sampl_person_orcid,8,0000-0001-8164-581X,https://orcid.org/0000-0001-8164-581X,,/github/workspace/logsheets/filtered/water_sampling.csv,XSDAnyURI,True
datatype mismatch,ws,sampl_person_orcid,9,0000-0001-8164-581X,https://orcid.org/0000-0001-8164-581X,,/github/workspace/logsheets/filtered/water_sampling.csv,XSDAnyURI,True
datatype mismatch,ws,sampl_person_orcid,10,0000-0001-8164-581X,https://orcid.org/0000-0001-8164-581X,,/github/workspace/logsheets/filtered/water_sampling.csv,XSDAnyURI,True
datatype mismatch,ws,sampl_person_orcid,11,0000-0001-8164-581X,https://orcid.org/0000-0001-8164-581X,,/github/workspace/logsheets/filtered/water_sampling.csv,XSDAnyURI,True
datatype mismatch,ws,sampl_person_orcid,12,0000-0001-8164-581X,https://orcid.org/0000-0001-8164-581X,,/github/workspace/logsheets/filtered/water_sampling.csv,XSDAnyURI,True
datatype mismatch,ws,sampl_person_orcid,13,0000-0001-8164-581X,https://orcid.org/0000-0001-8164-581X,,/github/workspace/logsheets/filtered/water_sampling.csv,XSDAnyURI,True
datatype mismatch,ws,sampl_person_orcid,14,0000-0001-8164-581X,https://orcid.org/0000-0001-8164-581X,,/github/workspace/logsheets/filtered/water_sampling.csv,XSDAnyURI,True
datatype mismatch,ws,sampl_person_orcid,15,0000-0001-8164-581X,https://orcid.org/0000-0001-8164-581X,,/github/workspace/logsheets/filtered/water_sampling.csv,XSDAnyURI,True
datatype mismatch,ws,sampl_person_orcid,16,0000-0001-8164-581X,https://orcid.org/0000-0001-8164-581X,,/github/workspace/logsheets/filtered/water_sampling.csv,XSDAnyURI,True
datatype mismatch,ws,sampl_person_orcid,17,0000-0001-8164-581X,https://orcid.org/0000-0001-8164-581X,,/github/workspace/logsheets/filtered/water_sampling.csv,XSDAnyURI,True
datatype mismatch,ws,sampl_person_orcid,18,0000-0001-8164-581X,https://orcid.org/0000-0001-8164-581X,,/github/workspace/logsheets/filtered/water_sampling.csv,XSDAnyURI,True
datatype mismatch,ws,sampl_person_orcid,19,0000-0001-8164-581X,https://orcid.org/0000-0001-8164-581X,,/github/workspace/logsheets/filtered/water_sampling.csv,XSDAnyURI,True
datatype mismatch,ws,sampl_person_orcid,20,0000-0001-8164-581X,https://orcid.org/0000-0001-8164-581X,,/github/workspace/logsheets/filtered/water_sampling.csv,XSDAnyURI,True
datatype mismatch,ws,sampl_person_orcid,21,0000-0001-8164-581X,https://orcid.org/0000-0001-8164-581X,,/github/workspace/logsheets/filtered/water_sampling.csv,XSDAnyURI,True
datatype mismatch,ws,sampl_person_orcid,22,0000-0001-8164-581X,https://orcid.org/0000-0001-8164-581X,,/github/workspace/logsheets/filtered/water_sampling.csv,XSDAnyURI,True
datatype mismatch,ws,sampl_person_orcid,23,0000-0001-8164-581X,https://orcid.org/0000-0001-8164-581X,,/github/workspace/logsheets/filtered/water_sampling.csv,XSDAnyURI,True
datatype mismatch,ws,sampl_person_orcid,24,0000-0001-8164-581X,https://orcid.org/0000-0001-8164-581X,,/github/workspace/logsheets/filtered/water_sampling.csv,XSDAnyURI,True
datatype mismatch,ws,sampl_person_orcid,25,0000-0001-8164-581X,https://orcid.org/0000-0001-8164-581X,,/github/workspace/logsheets/filtered/water_sampling.csv,XSDAnyURI,True
datatype mismatch,ws,sampl_person_orcid,26,0000-0001-8164-581X,https://orcid.org/0000-0001-8164-581X,,/github/workspace/logsheets/filtered/water_sampling.csv,XSDAnyURI,True
datatype mismatch,ws,sampl_person_orcid,27,0000-0001-8164-581X,https://orcid.org/0000-0001-8164-581X,,/github/workspace/logsheets/filtered/water_sampling.csv,XSDAnyURI,True
datatype mismatch,ws,sampl_person_orcid,28,0000-0001-8164-581X,https://orcid.org/0000-0001-8164-581X,,/github/workspace/logsheets/filtered/water_sampling.csv,XSDAnyURI,True
datatype mismatch,ws,sampl_person_orcid,29,0000-0001-8164-581X,https://orcid.org/0000-0001-8164-581X,,/github/workspace/logsheets/filtered/water_sampling.csv,XSDAnyURI,True
datatype mismatch,ws,sampl_person_orcid,30,0000-0001-8164-581X,https://orcid.org/0000-0001-8164-581X,,/github/workspace/logsheets/filtered/water_sampling.csv,XSDAnyURI,True
datatype mismatch,ws,ship_date,1,2021-10-12 00:00:00,2021-10-12,,/github/workspace/logsheets/filtered/water_sampling.csv,XSDDate,False
datatype mismatch,ws,ship_date,2,2021-10-12 00:00:00,2021-10-12,,/github/workspace/logsheets/filtered/water_sampling.csv,XSDDate,False
datatype mismatch,ws,ship_date,5,2021-10-12 00:00:00,2021-10-12,,/github/workspace/logsheets/filtered/water_sampling.csv,XSDDate,False
datatype mismatch,ws,ship_date,6,2021-10-12 00:00:00,2021-10-12,,/github/workspace/logsheets/filtered/water_sampling.csv,XSDDate,False
datatype mismatch,ws,ship_date,11,2022-01-24 00:00:00,2022-01-24,,/github/workspace/logsheets/filtered/water_sampling.csv,XSDDate,False
datatype mismatch,ws,ship_date,12,2022-01-24 00:00:00,2022-01-24,,/github/workspace/logsheets/filtered/water_sampling.csv,XSDDate,False
datatype mismatch,ws,ship_date,15,2022-01-24 00:00:00,2022-01-24,,/github/workspace/logsheets/filtered/water_sampling.csv,XSDDate,False
datatype mismatch,ws,ship_date,16,2022-01-24 00:00:00,2022-01-24,,/github/workspace/logsheets/filtered/water_sampling.csv,XSDDate,False
datatype mismatch,ws,ship_date,21,2022-01-24 00:00:00,2022-01-24,,/github/workspace/logsheets/filtered/water_sampling.csv,XSDDate,False
datatype mismatch,ws,ship_date,22,2022-01-24 00:00:00,2022-01-24,,/github/workspace/logsheets/filtered/water_sampling.csv,XSDDate,False
datatype mismatch,ws,ship_date,25,2022-01-24 00:00:00,2022-01-24,,/github/workspace/logsheets/filtered/water_sampling.csv,XSDDate,False
datatype mismatch,ws,ship_date,26,2022-01-24 00:00:00,2022-01-24,,/github/workspace/logsheets/filtered/water_sampling.csv,XSDDate,False
datatype mismatch,ws,ship_date,29,2022-01-24 00:00:00,2022-01-24,,/github/workspace/logsheets/filtered/water_sampling.csv,XSDDate,False
datatype mismatch,ws,ship_date,30,2022-01-24 00:00:00,2022-01-24,,/github/workspace/logsheets/filtered/water_sampling.csv,XSDDate,False
datatype mismatch,ws,ship_date_seq,1,2021-11-24 00:00:00,2021-11-24,,/github/workspace/logsheets/filtered/water_sampling.csv,XSDDate,False
datatype mismatch,ws,ship_date_seq,2,2021-11-24 00:00:00,2021-11-24,,/github/workspace/logsheets/filtered/water_sampling.csv,XSDDate,False
datatype mismatch,ws,ship_date_seq,5,2021-11-24 00:00:00,2021-11-24,,/github/workspace/logsheets/filtered/water_sampling.csv,XSDDate,False
datatype mismatch,ws,ship_date_seq,6,2021-11-24 00:00:00,2021-11-24,,/github/workspace/logsheets/filtered/water_sampling.csv,XSDDate,False
datatype mismatch,ws,ship_date_seq,11,2022-02-22 00:00:00,2022-02-22,,/github/workspace/logsheets/filtered/water_sampling.csv,XSDDate,False
datatype mismatch,ws,ship_date_seq,12,2022-02-22 00:00:00,2022-02-22,,/github/workspace/logsheets/filtered/water_sampling.csv,XSDDate,False
datatype mismatch,ws,ship_date_seq,15,2022-02-22 00:00:00,2022-02-22,,/github/workspace/logsheets/filtered/water_sampling.csv,XSDDate,False
datatype mismatch,ws,ship_date_seq,16,2022-02-22 00:00:00,2022-02-22,,/github/workspace/logsheets/filtered/water_sampling.csv,XSDDate,False
datatype mismatch,ws,ship_date_seq,21,2022-02-22 00:00:00,2022-02-22,,/github/workspace/logsheets/filtered/water_sampling.csv,XSDDate,False
datatype mismatch,ws,ship_date_seq,22,2022-02-22 00:00:00,2022-02-22,,/github/workspace/logsheets/filtered/water_sampling.csv,XSDDate,False
datatype mismatch,ws,ship_date_seq,25,2022-02-22 00:00:00,2022-02-22,,/github/workspace/logsheets/filtered/water_sampling.csv,XSDDate,False
datatype mismatch,ws,ship_date_seq,26,2022-02-22 00:00:00,2022-02-22,,/github/workspace/logsheets/filtered/water_sampling.csv,XSDDate,False
datatype mismatch,ws,ship_date_seq,29,2022-02-22 00:00:00,2022-02-22,,/github/workspace/logsheets/filtered/water_sampling.csv,XSDDate,False
datatype mismatch,ws,ship_date_seq,30,2022-02-22 00:00:00,2022-02-22,,/github/workspace/logsheets/filtered/water_sampling.csv,XSDDate,False
datatype mismatch,ws,store_person_orcid,1,0000-0001-8164-581X,https://orcid.org/0000-0001-8164-581X,,/github/workspace/logsheets/filtered/water_sampling.csv,XSDAnyURI,True
datatype mismatch,ws,store_person_orcid,2,0000-0001-8164-581X,https://orcid.org/0000-0001-8164-581X,,/github/workspace/logsheets/filtered/water_sampling.csv,XSDAnyURI,True
datatype mismatch,ws,store_person_orcid,3,0000-0001-8164-581X,https://orcid.org/0000-0001-8164-581X,,/github/workspace/logsheets/filtered/water_sampling.csv,XSDAnyURI,True
datatype mismatch,ws,store_person_orcid,4,0000-0001-8164-581X,https://orcid.org/0000-0001-8164-581X,,/github/workspace/logsheets/filtered/water_sampling.csv,XSDAnyURI,True
datatype mismatch,ws,store_person_orcid,5,0000-0001-8164-581X,https://orcid.org/0000-0001-8164-581X,,/github/workspace/logsheets/filtered/water_sampling.csv,XSDAnyURI,True
datatype mismatch,ws,store_person_orcid,6,0000-0001-8164-581X,https://orcid.org/0000-0001-8164-581X,,/github/workspace/logsheets/filtered/water_sampling.csv,XSDAnyURI,True
datatype mismatch,ws,store_person_orcid,7,0000-0001-8164-581X,https://orcid.org/0000-0001-8164-581X,,/github/workspace/logsheets/filtered/water_sampling.csv,XSDAnyURI,True
datatype mismatch,ws,store_person_orcid,8,0000-0001-8164-581X,https://orcid.org/0000-0001-8164-581X,,/github/workspace/logsheets/filtered/water_sampling.csv,XSDAnyURI,True
datatype mismatch,ws,store_person_orcid,9,0000-0001-8164-581X,https://orcid.org/0000-0001-8164-581X,,/github/workspace/logsheets/filtered/water_sampling.csv,XSDAnyURI,True
datatype mismatch,ws,store_person_orcid,10,0000-0001-8164-581X,https://orcid.org/0000-0001-8164-581X,,/github/workspace/logsheets/filtered/water_sampling.csv,XSDAnyURI,True
datatype mismatch,ws,store_person_orcid,11,0000-0001-8164-581X,https://orcid.org/0000-0001-8164-581X,,/github/workspace/logsheets/filtered/water_sampling.csv,XSDAnyURI,True
datatype mismatch,ws,store_person_orcid,12,0000-0001-8164-581X,https://orcid.org/0000-0001-8164-581X,,/github/workspace/logsheets/filtered/water_sampling.csv,XSDAnyURI,True
datatype mismatch,ws,store_person_orcid,13,0000-0001-8164-581X,https://orcid.org/0000-0001-8164-581X,,/github/workspace/logsheets/filtered/water_sampling.csv,XSDAnyURI,True
datatype mismatch,ws,store_person_orcid,14,0000-0001-8164-581X,https://orcid.org/0000-0001-8164-581X,,/github/workspace/logsheets/filtered/water_sampling.csv,XSDAnyURI,True
datatype mismatch,ws,store_person_orcid,15,0000-0001-8164-581X,https://orcid.org/0000-0001-8164-581X,,/github/workspace/logsheets/filtered/water_sampling.csv,XSDAnyURI,True
datatype mismatch,ws,store_person_orcid,16,0000-0001-8164-581X,https://orcid.org/0000-0001-8164-581X,,/github/workspace/logsheets/filtered/water_sampling.csv,XSDAnyURI,True
datatype mismatch,ws,store_person_orcid,17,0000-0001-8164-581X,https://orcid.org/0000-0001-8164-581X,,/github/workspace/logsheets/filtered/water_sampling.csv,XSDAnyURI,True
datatype mismatch,ws,store_person_orcid,18,0000-0001-8164-581X,https://orcid.org/0000-0001-8164-581X,,/github/workspace/logsheets/filtered/water_sampling.csv,XSDAnyURI,True
datatype mismatch,ws,store_person_orcid,19,0000-0001-8164-581X,https://orcid.org/0000-0001-8164-581X,,/github/workspace/logsheets/filtered/water_sampling.csv,XSDAnyURI,True
datatype mismatch,ws,store_person_orcid,20,0000-0001-8164-581X,https://orcid.org/0000-0001-8164-581X,,/github/workspace/logsheets/filtered/water_sampling.csv,XSDAnyURI,True
datatype mismatch,ws,store_person_orcid,21,0000-0001-8164-581X,https://orcid.org/0000-0001-8164-581X,,/github/workspace/logsheets/filtered/water_sampling.csv,XSDAnyURI,True
datatype mismatch,ws,store_person_orcid,22,0000-0001-8164-581X,https://orcid.org/0000-0001-8164-581X,,/github/workspace/logsheets/filtered/water_sampling.csv,XSDAnyURI,True
datatype mismatch,ws,store_person_orcid,23,0000-0001-8164-581X,https://orcid.org/0000-0001-8164-581X,,/github/workspace/logsheets/filtered/water_sampling.csv,XSDAnyURI,True
datatype mismatch,ws,store_person_orcid,24,0000-0001-8164-581X,https://orcid.org/0000-0001-8164-581X,,/github/workspace/logsheets/filtered/water_sampling.csv,XSDAnyURI,True
datatype mismatch,ws,store_person_orcid,25,0000-0001-8164-581X,https://orcid.org/0000-0001-8164-581X,,/github/workspace/logsheets/filtered/water_sampling.csv,XSDAnyURI,True
datatype mismatch,ws,store_person_orcid,26,0000-0001-8164-581X,https://orcid.org/0000-0001-8164-581X,,/github/workspace/logsheets/filtered/water_sampling.csv,XSDAnyURI,True
datatype mismatch,ws,store_person_orcid,27,0000-0001-8164-581X,https://orcid.org/0000-0001-8164-581X,,/github/workspace/logsheets/filtered/water_sampling.csv,XSDAnyURI,True
datatype mismatch,ws,store_person_orcid,28,0000-0001-8164-581X,https://orcid.org/0000-0001-8164-581X,,/github/workspace/logsheets/filtered/water_sampling.csv,XSDAnyURI,True
datatype mismatch,ws,store_person_orcid,29,0000-0001-8164-581X,https://orcid.org/0000-0001-8164-581X,,/github/workspace/logsheets/filtered/water_sampling.csv,XSDAnyURI,True
datatype mismatch,ws,store_person_orcid,30,0000-0001-8164-581X,https://orcid.org/0000-0001-8164-581X,,/github/workspace/logsheets/filtered/water_sampling.csv,XSDAnyURI,True
datatype mismatch,ws,tax_id,1,1874687,https://www.ncbi.nlm.nih.gov/taxonomy/browser/wwwtax.cgi?id=1874687,,/github/workspace/logsheets/filtered/water_sampling.csv,XSDAnyURI,False
datatype mismatch,ws,tax_id,2,1874687,https://www.ncbi.nlm.nih.gov/taxonomy/browser/wwwtax.cgi?id=1874687,,/github/workspace/logsheets/filtered/water_sampling.csv,XSDAnyURI,False
datatype mismatch,ws,tax_id,3,1874687,https://www.ncbi.nlm.nih.gov/taxonomy/browser/wwwtax.cgi?id=1874687,,/github/workspace/logsheets/filtered/water_sampling.csv,XSDAnyURI,False
datatype mismatch,ws,tax_id,4,1874687,https://www.ncbi.nlm.nih.gov/taxonomy/browser/wwwtax.cgi?id=1874687,,/github/workspace/logsheets/filtered/water_sampling.csv,XSDAnyURI,False
datatype mismatch,ws,tax_id,5,1874687,https://www.ncbi.nlm.nih.gov/taxonomy/browser/wwwtax.cgi?id=1874687,,/github/workspace/logsheets/filtered/water_sampling.csv,XSDAnyURI,False
datatype mismatch,ws,tax_id,6,1874687,https://www.ncbi.nlm.nih.gov/taxonomy/browser/wwwtax.cgi?id=1874687,,/github/workspace/logsheets/filtered/water_sampling.csv,XSDAnyURI,False
datatype mismatch,ws,tax_id,7,1874687,https://www.ncbi.nlm.nih.gov/taxonomy/browser/wwwtax.cgi?id=1874687,,/github/workspace/logsheets/filtered/water_sampling.csv,XSDAnyURI,False
datatype mismatch,ws,tax_id,8,1874687,https://www.ncbi.nlm.nih.gov/taxonomy/browser/wwwtax.cgi?id=1874687,,/github/workspace/logsheets/filtered/water_sampling.csv,XSDAnyURI,False
datatype mismatch,ws,tax_id,9,256318,https://www.ncbi.nlm.nih.gov/taxonomy/browser/wwwtax.cgi?id=256318,,/github/workspace/logsheets/filtered/water_sampling.csv,XSDAnyURI,False
datatype mismatch,ws,tax_id,10,256318,https://www.ncbi.nlm.nih.gov/taxonomy/browser/wwwtax.cgi?id=256318,,/github/workspace/logsheets/filtered/water_sampling.csv,XSDAnyURI,False
datatype mismatch,ws,tax_id,11,1874687,https://www.ncbi.nlm.nih.gov/taxonomy/browser/wwwtax.cgi?id=1874687,,/github/workspace/logsheets/filtered/water_sampling.csv,XSDAnyURI,False
datatype mismatch,ws,tax_id,12,1874687,https://www.ncbi.nlm.nih.gov/taxonomy/browser/wwwtax.cgi?id=1874687,,/github/workspace/logsheets/filtered/water_sampling.csv,XSDAnyURI,False
datatype mismatch,ws,tax_id,13,1874687,https://www.ncbi.nlm.nih.gov/taxonomy/browser/wwwtax.cgi?id=1874687,,/github/workspace/logsheets/filtered/water_sampling.csv,XSDAnyURI,False
datatype mismatch,ws,tax_id,14,1874687,https://www.ncbi.nlm.nih.gov/taxonomy/browser/wwwtax.cgi?id=1874687,,/github/workspace/logsheets/filtered/water_sampling.csv,XSDAnyURI,False
datatype mismatch,ws,tax_id,15,1874687,https://www.ncbi.nlm.nih.gov/taxonomy/browser/wwwtax.cgi?id=1874687,,/github/workspace/logsheets/filtered/water_sampling.csv,XSDAnyURI,False
datatype mismatch,ws,tax_id,16,1874687,https://www.ncbi.nlm.nih.gov/taxonomy/browser/wwwtax.cgi?id=1874687,,/github/workspace/logsheets/filtered/water_sampling.csv,XSDAnyURI,False
datatype mismatch,ws,tax_id,17,1874687,https://www.ncbi.nlm.nih.gov/taxonomy/browser/wwwtax.cgi?id=1874687,,/github/workspace/logsheets/filtered/water_sampling.csv,XSDAnyURI,False
datatype mismatch,ws,tax_id,18,1874687,https://www.ncbi.nlm.nih.gov/taxonomy/browser/wwwtax.cgi?id=1874687,,/github/workspace/logsheets/filtered/water_sampling.csv,XSDAnyURI,False
datatype mismatch,ws,tax_id,19,256318,https://www.ncbi.nlm.nih.gov/taxonomy/browser/wwwtax.cgi?id=256318,,/github/workspace/logsheets/filtered/water_sampling.csv,XSDAnyURI,False
datatype mismatch,ws,tax_id,20,256318,https://www.ncbi.nlm.nih.gov/taxonomy/browser/wwwtax.cgi?id=256318,,/github/workspace/logsheets/filtered/water_sampling.csv,XSDAnyURI,False
datatype mismatch,ws,tax_id,21,1874687,https://www.ncbi.nlm.nih.gov/taxonomy/browser/wwwtax.cgi?id=1874687,,/github/workspace/logsheets/filtered/water_sampling.csv,XSDAnyURI,False
datatype mismatch,ws,tax_id,22,1874687,https://www.ncbi.nlm.nih.gov/taxonomy/browser/wwwtax.cgi?id=1874687,,/github/workspace/logsheets/filtered/water_sampling.csv,XSDAnyURI,False
datatype mismatch,ws,tax_id,23,1874687,https://www.ncbi.nlm.nih.gov/taxonomy/browser/wwwtax.cgi?id=1874687,,/github/workspace/logsheets/filtered/water_sampling.csv,XSDAnyURI,False
datatype mismatch,ws,tax_id,24,1874687,https://www.ncbi.nlm.nih.gov/taxonomy/browser/wwwtax.cgi?id=1874687,,/github/workspace/logsheets/filtered/water_sampling.csv,XSDAnyURI,False
datatype mismatch,ws,tax_id,25,1874687,https://www.ncbi.nlm.nih.gov/taxonomy/browser/wwwtax.cgi?id=1874687,,/github/workspace/logsheets/filtered/water_sampling.csv,XSDAnyURI,False
datatype mismatch,ws,tax_id,26,1874687,https://www.ncbi.nlm.nih.gov/taxonomy/browser/wwwtax.cgi?id=1874687,,/github/workspace/logsheets/filtered/water_sampling.csv,XSDAnyURI,False
datatype mismatch,ws,tax_id,27,1874687,https://www.ncbi.nlm.nih.gov/taxonomy/browser/wwwtax.cgi?id=1874687,,/github/workspace/logsheets/filtered/water_sampling.csv,XSDAnyURI,False
datatype mismatch,ws,tax_id,28,1874687,https://www.ncbi.nlm.nih.gov/taxonomy/browser/wwwtax.cgi?id=1874687,,/github/workspace/logsheets/filtered/water_sampling.csv,XSDAnyURI,False
datatype mismatch,ws,tax_id,29,256318,https://www.ncbi.nlm.nih.gov/taxonomy/browser/wwwtax.cgi?id=256318,,/github/workspace/logsheets/filtered/water_sampling.csv,XSDAnyURI,False
datatype mismatch,ws,tax_id,30,256318,https://www.ncbi.nlm.nih.gov/taxonomy/browser/wwwtax.cgi?id=256318,,/github/workspace/logsheets/filtered/water_sampling.csv,XSDAnyURI,False
datatype mismatch,ws,failure,1,F,false,,/github/workspace/logsheets/filtered/water_sampling.csv,XSDBoolean,False
datatype mismatch,ws,failure,2,F,false,,/github/workspace/logsheets/filtered/water_sampling.csv,XSDBoolean,False
datatype mismatch,ws,failure,5,F,false,,/github/workspace/logsheets/filtered/water_sampling.csv,XSDBoolean,False
datatype mismatch,ws,failure,6,F,false,,/github/workspace/logsheets/filtered/water_sampling.csv,XSDBoolean,False
datatype mismatch,ws,failure,11,F,false,,/github/workspace/logsheets/filtered/water_sampling.csv,XSDBoolean,False
datatype mismatch,ws,failure,12,F,false,,/github/workspace/logsheets/filtered/water_sampling.csv,XSDBoolean,False
datatype mismatch,ws,failure,15,F,false,,/github/workspace/logsheets/filtered/water_sampling.csv,XSDBoolean,False
datatype mismatch,ws,failure,16,F,false,,/github/workspace/logsheets/filtered/water_sampling.csv,XSDBoolean,False
datatype mismatch,ws,failure,21,F,false,,/github/workspace/logsheets/filtered/water_sampling.csv,XSDBoolean,False
datatype mismatch,ws,failure,22,F,false,,/github/workspace/logsheets/filtered/water_sampling.csv,XSDBoolean,False
datatype mismatch,ws,failure,25,F,false,,/github/workspace/logsheets/filtered/water_sampling.csv,XSDBoolean,False
datatype mismatch,ws,failure,26,F,false,,/github/workspace/logsheets/filtered/water_sampling.csv,XSDBoolean,False
datatype mismatch,ws,failure,29,T,true,,/github/workspace/logsheets/filtered/water_sampling.csv,XSDBoolean,False
datatype mismatch,ws,failure,30,T,true,,/github/workspace/logsheets/filtered/water_sampling.csv,XSDBoolean,False
datatype mismatch,ws,samp_store_date,1,2021-08-05 00:00:00,2021-08-05,,/github/workspace/logsheets/filtered/water_sampling.csv,XSDDate,False
datatype mismatch,ws,samp_store_date,2,2021-08-05 00:00:00,2021-08-05,,/github/workspace/logsheets/filtered/water_sampling.csv,XSDDate,False
datatype mismatch,ws,samp_store_date,3,2021-08-05 00:00:00,2021-08-05,,/github/workspace/logsheets/filtered/water_sampling.csv,XSDDate,False
datatype mismatch,ws,samp_store_date,4,2021-08-05 00:00:00,2021-08-05,,/github/workspace/logsheets/filtered/water_sampling.csv,XSDDate,False
datatype mismatch,ws,samp_store_date,5,2021-08-05 00:00:00,2021-08-05,,/github/workspace/logsheets/filtered/water_sampling.csv,XSDDate,False
datatype mismatch,ws,samp_store_date,6,2021-08-05 00:00:00,2021-08-05,,/github/workspace/logsheets/filtered/water_sampling.csv,XSDDate,False
datatype mismatch,ws,samp_store_date,7,2021-08-05 00:00:00,2021-08-05,,/github/workspace/logsheets/filtered/water_sampling.csv,XSDDate,False
datatype mismatch,ws,samp_store_date,8,2021-08-05 00:00:00,2021-08-05,,/github/workspace/logsheets/filtered/water_sampling.csv,XSDDate,False
datatype mismatch,ws,samp_store_date,9,2021-08-05 00:00:00,2021-08-05,,/github/workspace/logsheets/filtered/water_sampling.csv,XSDDate,False
datatype mismatch,ws,samp_store_date,10,2021-08-05 00:00:00,2021-08-05,,/github/workspace/logsheets/filtered/water_sampling.csv,XSDDate,False
datatype mismatch,ws,samp_store_date,11,2021-10-22 00:00:00,2021-10-22,,/github/workspace/logsheets/filtered/water_sampling.csv,XSDDate,False
datatype mismatch,ws,samp_store_date,12,2021-10-22 00:00:00,2021-10-22,,/github/workspace/logsheets/filtered/water_sampling.csv,XSDDate,False
datatype mismatch,ws,samp_store_date,13,2021-10-22 00:00:00,2021-10-22,,/github/workspace/logsheets/filtered/water_sampling.csv,XSDDate,False
datatype mismatch,ws,samp_store_date,14,2021-10-22 00:00:00,2021-10-22,,/github/workspace/logsheets/filtered/water_sampling.csv,XSDDate,False
datatype mismatch,ws,samp_store_date,15,2021-10-22 00:00:00,2021-10-22,,/github/workspace/logsheets/filtered/water_sampling.csv,XSDDate,False
datatype mismatch,ws,samp_store_date,16,2021-10-22 00:00:00,2021-10-22,,/github/workspace/logsheets/filtered/water_sampling.csv,XSDDate,False
datatype mismatch,ws,samp_store_date,17,2021-10-22 00:00:00,2021-10-22,,/github/workspace/logsheets/filtered/water_sampling.csv,XSDDate,False
datatype mismatch,ws,samp_store_date,18,2021-10-22 00:00:00,2021-10-22,,/github/workspace/logsheets/filtered/water_sampling.csv,XSDDate,False
datatype mismatch,ws,samp_store_date,19,2021-10-22 00:00:00,2021-10-22,,/github/workspace/logsheets/filtered/water_sampling.csv,XSDDate,False
datatype mismatch,ws,samp_store_date,20,2021-10-22 00:00:00,2021-10-22,,/github/workspace/logsheets/filtered/water_sampling.csv,XSDDate,False
datatype mismatch,ws,samp_store_date,21,2021-12-20 00:00:00,2021-12-20,,/github/workspace/logsheets/filtered/water_sampling.csv,XSDDate,False
datatype mismatch,ws,samp_store_date,22,2021-12-20 00:00:00,2021-12-20,,/github/workspace/logsheets/filtered/water_sampling.csv,XSDDate,False
datatype mismatch,ws,samp_store_date,23,2021-12-20 00:00:00,2021-12-20,,/github/workspace/logsheets/filtered/water_sampling.csv,XSDDate,False
datatype mismatch,ws,samp_store_date,24,2021-12-20 00:00:00,2021-12-20,,/github/workspace/logsheets/filtered/water_sampling.csv,XSDDate,False
datatype mismatch,ws,samp_store_date,25,2021-12-20 00:00:00,2021-12-20,,/github/workspace/logsheets/filtered/water_sampling.csv,XSDDate,False
datatype mismatch,ws,samp_store_date,26,2021-12-20 00:00:00,2021-12-20,,/github/workspace/logsheets/filtered/water_sampling.csv,XSDDate,False
datatype mismatch,ws,samp_store_date,27,2021-12-20 00:00:00,2021-12-20,,/github/workspace/logsheets/filtered/water_sampling.csv,XSDDate,False
datatype mismatch,ws,samp_store_date,28,2021-12-20 00:00:00,2021-12-20,,/github/workspace/logsheets/filtered/water_sampling.csv,XSDDate,False
datatype mismatch,ws,samp_store_date,29,2021-12-20 00:00:00,2021-12-20,,/github/workspace/logsheets/filtered/water_sampling.csv,XSDDate,False
datatype mismatch,ws,samp_store_date,30,2021-12-20 00:00:00,2021-12-20,,/github/workspace/logsheets/filtered/water_sampling.csv,XSDDate,False
