Diagnosis,LogsheetType,LogsheetTab,Column,Row,Value,ExtendedDiagnosis,FilePath,DataType,Requirement
source_mat_id error,sediment,sampling,source_mat_id,1,EMOBON_RFormosa_So_1,source_mat_id should match ^EMOBON_RFormosa_So_210805_micro_1$,/github/workspace/logsheets/filtered/sediment_sampling.csv,XSDString,mandatory
source_mat_id error,sediment,sampling,source_mat_id,2,EMOBON_RFormosa_So_2,source_mat_id should match ^EMOBON_RFormosa_So_210805_micro_2$,/github/workspace/logsheets/filtered/sediment_sampling.csv,XSDString,mandatory
source_mat_id error,sediment,sampling,source_mat_id,3,EMOBON_RFormosa_So_3,source_mat_id should match ^EMOBON_RFormosa_So_210805_micro_3$,/github/workspace/logsheets/filtered/sediment_sampling.csv,XSDString,mandatory
source_mat_id error,sediment,sampling,source_mat_id,4,EMOBON_RFormosa_So_4,source_mat_id should match ^EMOBON_RFormosa_So_210805_micro_4$,/github/workspace/logsheets/filtered/sediment_sampling.csv,XSDString,mandatory
source_mat_id error,sediment,sampling,source_mat_id,5,EMOBON_RFormosa_So_5,source_mat_id should match ^EMOBON_RFormosa_So_210805_micro_blank_1$,/github/workspace/logsheets/filtered/sediment_sampling.csv,XSDString,mandatory
source_mat_id error,sediment,sampling,source_mat_id,6,EMOBON_RFormosa_So_6,source_mat_id should match ^EMOBON_RFormosa_So_211022_micro_1$,/github/workspace/logsheets/filtered/sediment_sampling.csv,XSDString,mandatory
source_mat_id error,sediment,sampling,source_mat_id,7,EMOBON_RFormosa_So_7,source_mat_id should match ^EMOBON_RFormosa_So_211022_micro_2$,/github/workspace/logsheets/filtered/sediment_sampling.csv,XSDString,mandatory
source_mat_id error,sediment,sampling,source_mat_id,8,EMOBON_RFormosa_So_8,source_mat_id should match ^EMOBON_RFormosa_So_211022_micro_3$,/github/workspace/logsheets/filtered/sediment_sampling.csv,XSDString,mandatory
source_mat_id error,sediment,sampling,source_mat_id,9,EMOBON_RFormosa_So_9,source_mat_id should match ^EMOBON_RFormosa_So_211022_micro_4$,/github/workspace/logsheets/filtered/sediment_sampling.csv,XSDString,mandatory
source_mat_id error,sediment,sampling,source_mat_id,10,EMOBON_RFormosa_So_10,source_mat_id should match ^EMOBON_RFormosa_So_211022_micro_blank_1$,/github/workspace/logsheets/filtered/sediment_sampling.csv,XSDString,mandatory
source_mat_id error,sediment,sampling,source_mat_id,11,EMOBON_RFormosa_So_11,source_mat_id should match ^EMOBON_RFormosa_So_211220_micro_1$,/github/workspace/logsheets/filtered/sediment_sampling.csv,XSDString,mandatory
source_mat_id error,sediment,sampling,source_mat_id,12,EMOBON_RFormosa_So_12,source_mat_id should match ^EMOBON_RFormosa_So_211220_micro_2$,/github/workspace/logsheets/filtered/sediment_sampling.csv,XSDString,mandatory
source_mat_id error,sediment,sampling,source_mat_id,13,EMOBON_RFormosa_So_13,source_mat_id should match ^EMOBON_RFormosa_So_211220_micro_3$,/github/workspace/logsheets/filtered/sediment_sampling.csv,XSDString,mandatory
source_mat_id error,sediment,sampling,source_mat_id,14,EMOBON_RFormosa_So_14,source_mat_id should match ^EMOBON_RFormosa_So_211220_micro_4$,/github/workspace/logsheets/filtered/sediment_sampling.csv,XSDString,mandatory
source_mat_id error,sediment,sampling,source_mat_id,15,EMOBON_RFormosa_So_15,source_mat_id should match ^EMOBON_RFormosa_So_211220_micro_blank_1$,/github/workspace/logsheets/filtered/sediment_sampling.csv,XSDString,mandatory
source_mat_id error,sediment,sampling,source_mat_id,16,EMOBON_RFormosa_So_16,source_mat_id should match ^EMOBON_RFormosa_So_220224_micro_1$,/github/workspace/logsheets/filtered/sediment_sampling.csv,XSDString,mandatory
source_mat_id error,sediment,sampling,source_mat_id,17,EMOBON_RFormosa_So_17,source_mat_id should match ^EMOBON_RFormosa_So_220224_micro_2$,/github/workspace/logsheets/filtered/sediment_sampling.csv,XSDString,mandatory
source_mat_id error,sediment,sampling,source_mat_id,18,EMOBON_RFormosa_So_18,source_mat_id should match ^EMOBON_RFormosa_So_220224_micro_3$,/github/workspace/logsheets/filtered/sediment_sampling.csv,XSDString,mandatory
source_mat_id error,sediment,sampling,source_mat_id,19,EMOBON_RFormosa_So_19,source_mat_id should match ^EMOBON_RFormosa_So_220224_micro_4$,/github/workspace/logsheets/filtered/sediment_sampling.csv,XSDString,mandatory
source_mat_id error,sediment,sampling,source_mat_id,20,EMOBON_RFormosa_So_20,source_mat_id should match ^EMOBON_RFormosa_So_220224_micro_blank_1$,/github/workspace/logsheets/filtered/sediment_sampling.csv,XSDString,mandatory
source_mat_id error,sediment,sampling,source_mat_id,21,EMOBON_RFormosa_So_21,source_mat_id should match ^EMOBON_RFormosa_So_220428_micro_1$,/github/workspace/logsheets/filtered/sediment_sampling.csv,XSDString,mandatory
source_mat_id error,sediment,sampling,source_mat_id,22,EMOBON_RFormosa_So_22,source_mat_id should match ^EMOBON_RFormosa_So_220428_micro_2$,/github/workspace/logsheets/filtered/sediment_sampling.csv,XSDString,mandatory
source_mat_id error,sediment,sampling,source_mat_id,23,EMOBON_RFormosa_So_23,source_mat_id should match ^EMOBON_RFormosa_So_220428_micro_3$,/github/workspace/logsheets/filtered/sediment_sampling.csv,XSDString,mandatory
source_mat_id error,sediment,sampling,source_mat_id,24,EMOBON_RFormosa_So_24,source_mat_id should match ^EMOBON_RFormosa_So_220428_micro_4$,/github/workspace/logsheets/filtered/sediment_sampling.csv,XSDString,mandatory
source_mat_id error,sediment,sampling,source_mat_id,25,EMOBON_RFormosa_So_25,source_mat_id should match ^EMOBON_RFormosa_So_220428_micro_blank_1$,/github/workspace/logsheets/filtered/sediment_sampling.csv,XSDString,mandatory
source_mat_id error,sediment,sampling,source_mat_id,26,EMOBON_RFormosa_So_26,source_mat_id should match ^EMOBON_RFormosa_So_220629_micro_1$,/github/workspace/logsheets/filtered/sediment_sampling.csv,XSDString,mandatory
source_mat_id error,sediment,sampling,source_mat_id,27,EMOBON_RFormosa_So_27,source_mat_id should match ^EMOBON_RFormosa_So_220629_micro_2$,/github/workspace/logsheets/filtered/sediment_sampling.csv,XSDString,mandatory
source_mat_id error,sediment,sampling,source_mat_id,28,EMOBON_RFormosa_So_28,source_mat_id should match ^EMOBON_RFormosa_So_220629_micro_3$,/github/workspace/logsheets/filtered/sediment_sampling.csv,XSDString,mandatory
source_mat_id error,sediment,sampling,source_mat_id,29,EMOBON_RFormosa_So_29,source_mat_id should match ^EMOBON_RFormosa_So_220629_micro_4$,/github/workspace/logsheets/filtered/sediment_sampling.csv,XSDString,mandatory
source_mat_id error,sediment,sampling,source_mat_id,30,EMOBON_RFormosa_So_30,source_mat_id should match ^EMOBON_RFormosa_So_220629_micro_blank_1$,/github/workspace/logsheets/filtered/sediment_sampling.csv,XSDString,mandatory
source_mat_id error,sediment,sampling,source_mat_id,31,EMOBON_RFormosa_So_31,source_mat_id should match ^EMOBON_RFormosa_So_220909_micro_1$,/github/workspace/logsheets/filtered/sediment_sampling.csv,XSDString,mandatory
source_mat_id error,sediment,sampling,source_mat_id,32,EMOBON_RFormosa_So_32,source_mat_id should match ^EMOBON_RFormosa_So_220909_micro_2$,/github/workspace/logsheets/filtered/sediment_sampling.csv,XSDString,mandatory
source_mat_id error,sediment,sampling,source_mat_id,33,EMOBON_RFormosa_So_33,source_mat_id should match ^EMOBON_RFormosa_So_220909_micro_3$,/github/workspace/logsheets/filtered/sediment_sampling.csv,XSDString,mandatory
source_mat_id error,sediment,sampling,source_mat_id,34,EMOBON_RFormosa_So_34,source_mat_id should match ^EMOBON_RFormosa_So_220909_micro_4$,/github/workspace/logsheets/filtered/sediment_sampling.csv,XSDString,mandatory
source_mat_id error,sediment,sampling,source_mat_id,35,EMOBON_RFormosa_So_35,source_mat_id should match ^EMOBON_RFormosa_So_220909_micro_blank_1$,/github/workspace/logsheets/filtered/sediment_sampling.csv,XSDString,mandatory
source_mat_id error,sediment,sampling,source_mat_id,36,EMOBON_RFormosa_So_36,source_mat_id should match ^EMOBON_RFormosa_So_221021_micro_1$,/github/workspace/logsheets/filtered/sediment_sampling.csv,XSDString,mandatory
source_mat_id error,sediment,sampling,source_mat_id,37,EMOBON_RFormosa_So_37,source_mat_id should match ^EMOBON_RFormosa_So_221021_micro_2$,/github/workspace/logsheets/filtered/sediment_sampling.csv,XSDString,mandatory
source_mat_id error,sediment,sampling,source_mat_id,38,EMOBON_RFormosa_So_38,source_mat_id should match ^EMOBON_RFormosa_So_221021_micro_3$,/github/workspace/logsheets/filtered/sediment_sampling.csv,XSDString,mandatory
source_mat_id error,sediment,sampling,source_mat_id,39,EMOBON_RFormosa_So_39,source_mat_id should match ^EMOBON_RFormosa_So_221021_micro_4$,/github/workspace/logsheets/filtered/sediment_sampling.csv,XSDString,mandatory
source_mat_id error,sediment,sampling,source_mat_id,40,EMOBON_RFormosa_So_40,source_mat_id should match ^EMOBON_RFormosa_So_221021_micro_blank_1$,/github/workspace/logsheets/filtered/sediment_sampling.csv,XSDString,mandatory
source_mat_id error,sediment,sampling,source_mat_id,41,EMOBON_RFormosa_So_41,source_mat_id should match ^EMOBON_RFormosa_So_221216_micro_1$,/github/workspace/logsheets/filtered/sediment_sampling.csv,XSDString,mandatory
source_mat_id error,sediment,sampling,source_mat_id,42,EMOBON_RFormosa_So_42,source_mat_id should match ^EMOBON_RFormosa_So_221216_micro_2$,/github/workspace/logsheets/filtered/sediment_sampling.csv,XSDString,mandatory
source_mat_id error,sediment,sampling,source_mat_id,43,EMOBON_RFormosa_So_43,source_mat_id should match ^EMOBON_RFormosa_So_221216_micro_3$,/github/workspace/logsheets/filtered/sediment_sampling.csv,XSDString,mandatory
source_mat_id error,sediment,sampling,source_mat_id,44,EMOBON_RFormosa_So_44,source_mat_id should match ^EMOBON_RFormosa_So_221216_micro_4$,/github/workspace/logsheets/filtered/sediment_sampling.csv,XSDString,mandatory
source_mat_id error,sediment,sampling,source_mat_id,45,EMOBON_RFormosa_So_45,source_mat_id should match ^EMOBON_RFormosa_So_221216_micro_blank_1$,/github/workspace/logsheets/filtered/sediment_sampling.csv,XSDString,mandatory
source_mat_id error,water,sampling,source_mat_id,1,EMOBON_RFormosa_Wa_1,source_mat_id should match ^EMOBON_RFormosa_Wa_210805_200um_1$,/github/workspace/logsheets/filtered/water_sampling.csv,XSDString,mandatory
source_mat_id error,water,sampling,source_mat_id,2,EMOBON_RFormosa_Wa_2,source_mat_id should match ^EMOBON_RFormosa_Wa_210805_200um_2$,/github/workspace/logsheets/filtered/water_sampling.csv,XSDString,mandatory
source_mat_id error,water,sampling,source_mat_id,3,EMOBON_RFormosa_Wa_3,source_mat_id should match ^EMOBON_RFormosa_Wa_210805_200um_3$,/github/workspace/logsheets/filtered/water_sampling.csv,XSDString,mandatory
source_mat_id error,water,sampling,source_mat_id,4,EMOBON_RFormosa_Wa_4,source_mat_id should match ^EMOBON_RFormosa_Wa_210805_200um_4$,/github/workspace/logsheets/filtered/water_sampling.csv,XSDString,mandatory
source_mat_id error,water,sampling,source_mat_id,5,EMOBON_RFormosa_Wa_5,source_mat_id should match ^EMOBON_RFormosa_Wa_210805_3um_1$,/github/workspace/logsheets/filtered/water_sampling.csv,XSDString,mandatory
source_mat_id error,water,sampling,source_mat_id,6,EMOBON_RFormosa_Wa_6,source_mat_id should match ^EMOBON_RFormosa_Wa_210805_3um_2$,/github/workspace/logsheets/filtered/water_sampling.csv,XSDString,mandatory
source_mat_id error,water,sampling,source_mat_id,7,EMOBON_RFormosa_Wa_7,source_mat_id should match ^EMOBON_RFormosa_Wa_210805_3um_3$,/github/workspace/logsheets/filtered/water_sampling.csv,XSDString,mandatory
source_mat_id error,water,sampling,source_mat_id,8,EMOBON_RFormosa_Wa_8,source_mat_id should match ^EMOBON_RFormosa_Wa_210805_3um_4$,/github/workspace/logsheets/filtered/water_sampling.csv,XSDString,mandatory
source_mat_id error,water,sampling,source_mat_id,9,EMOBON_RFormosa_Wa_9,source_mat_id should match ^EMOBON_RFormosa_Wa_210805_200um_blank_1$,/github/workspace/logsheets/filtered/water_sampling.csv,XSDString,mandatory
source_mat_id error,water,sampling,source_mat_id,10,EMOBON_RFormosa_Wa_10,source_mat_id should match ^EMOBON_RFormosa_Wa_210805_3um_blank_1$,/github/workspace/logsheets/filtered/water_sampling.csv,XSDString,mandatory
source_mat_id error,water,sampling,source_mat_id,11,EMOBON_RFormosa_Wa_11,source_mat_id should match ^EMOBON_RFormosa_Wa_211022_200um_1$,/github/workspace/logsheets/filtered/water_sampling.csv,XSDString,mandatory
source_mat_id error,water,sampling,source_mat_id,12,EMOBON_RFormosa_Wa_12,source_mat_id should match ^EMOBON_RFormosa_Wa_211022_200um_2$,/github/workspace/logsheets/filtered/water_sampling.csv,XSDString,mandatory
source_mat_id error,water,sampling,source_mat_id,13,EMOBON_RFormosa_Wa_13,source_mat_id should match ^EMOBON_RFormosa_Wa_211022_200um_3$,/github/workspace/logsheets/filtered/water_sampling.csv,XSDString,mandatory
source_mat_id error,water,sampling,source_mat_id,14,EMOBON_RFormosa_Wa_14,source_mat_id should match ^EMOBON_RFormosa_Wa_211022_200um_4$,/github/workspace/logsheets/filtered/water_sampling.csv,XSDString,mandatory
source_mat_id error,water,sampling,source_mat_id,15,EMOBON_RFormosa_Wa_15,source_mat_id should match ^EMOBON_RFormosa_Wa_211022_3um_1$,/github/workspace/logsheets/filtered/water_sampling.csv,XSDString,mandatory
source_mat_id error,water,sampling,source_mat_id,16,EMOBON_RFormosa_Wa_16,source_mat_id should match ^EMOBON_RFormosa_Wa_211022_3um_2$,/github/workspace/logsheets/filtered/water_sampling.csv,XSDString,mandatory
source_mat_id error,water,sampling,source_mat_id,17,EMOBON_RFormosa_Wa_17,source_mat_id should match ^EMOBON_RFormosa_Wa_211022_3um_3$,/github/workspace/logsheets/filtered/water_sampling.csv,XSDString,mandatory
source_mat_id error,water,sampling,source_mat_id,18,EMOBON_RFormosa_Wa_18,source_mat_id should match ^EMOBON_RFormosa_Wa_211022_3um_4$,/github/workspace/logsheets/filtered/water_sampling.csv,XSDString,mandatory
source_mat_id error,water,sampling,source_mat_id,19,EMOBON_RFormosa_Wa_19,source_mat_id should match ^EMOBON_RFormosa_Wa_211022_200um_blank_1$,/github/workspace/logsheets/filtered/water_sampling.csv,XSDString,mandatory
source_mat_id error,water,sampling,source_mat_id,20,EMOBON_RFormosa_Wa_20,source_mat_id should match ^EMOBON_RFormosa_Wa_211022_3um_blank_1$,/github/workspace/logsheets/filtered/water_sampling.csv,XSDString,mandatory
source_mat_id error,water,sampling,source_mat_id,21,EMOBON_RFormosa_Wa_21,source_mat_id should match ^EMOBON_RFormosa_Wa_211220_200um_1$,/github/workspace/logsheets/filtered/water_sampling.csv,XSDString,mandatory
source_mat_id error,water,sampling,source_mat_id,22,EMOBON_RFormosa_Wa_22,source_mat_id should match ^EMOBON_RFormosa_Wa_211220_200um_2$,/github/workspace/logsheets/filtered/water_sampling.csv,XSDString,mandatory
source_mat_id error,water,sampling,source_mat_id,23,EMOBON_RFormosa_Wa_23,source_mat_id should match ^EMOBON_RFormosa_Wa_211220_200um_3$,/github/workspace/logsheets/filtered/water_sampling.csv,XSDString,mandatory
source_mat_id error,water,sampling,source_mat_id,24,EMOBON_RFormosa_Wa_24,source_mat_id should match ^EMOBON_RFormosa_Wa_211220_200um_4$,/github/workspace/logsheets/filtered/water_sampling.csv,XSDString,mandatory
source_mat_id error,water,sampling,source_mat_id,25,EMOBON_RFormosa_Wa_25,source_mat_id should match ^EMOBON_RFormosa_Wa_211220_3um_1$,/github/workspace/logsheets/filtered/water_sampling.csv,XSDString,mandatory
source_mat_id error,water,sampling,source_mat_id,26,EMOBON_RFormosa_Wa_26,source_mat_id should match ^EMOBON_RFormosa_Wa_211220_3um_2$,/github/workspace/logsheets/filtered/water_sampling.csv,XSDString,mandatory
source_mat_id error,water,sampling,source_mat_id,27,EMOBON_RFormosa_Wa_27,source_mat_id should match ^EMOBON_RFormosa_Wa_211220_3um_3$,/github/workspace/logsheets/filtered/water_sampling.csv,XSDString,mandatory
source_mat_id error,water,sampling,source_mat_id,28,EMOBON_RFormosa_Wa_28,source_mat_id should match ^EMOBON_RFormosa_Wa_211220_3um_4$,/github/workspace/logsheets/filtered/water_sampling.csv,XSDString,mandatory
source_mat_id error,water,sampling,source_mat_id,29,EMOBON_RFormosa_Wa_29,source_mat_id should match ^EMOBON_RFormosa_Wa_211220_200um_blank_1$,/github/workspace/logsheets/filtered/water_sampling.csv,XSDString,mandatory
source_mat_id error,water,sampling,source_mat_id,30,EMOBON_RFormosa_Wa_30,source_mat_id should match ^EMOBON_RFormosa_Wa_211220_3um_blank_1$,/github/workspace/logsheets/filtered/water_sampling.csv,XSDString,mandatory
source_mat_id error,water,sampling,source_mat_id,31,EMOBON_RFormosa_Wa_31,source_mat_id should match ^EMOBON_RFormosa_Wa_220224_200um_1$,/github/workspace/logsheets/filtered/water_sampling.csv,XSDString,mandatory
source_mat_id error,water,sampling,source_mat_id,32,EMOBON_RFormosa_Wa_32,source_mat_id should match ^EMOBON_RFormosa_Wa_220224_200um_2$,/github/workspace/logsheets/filtered/water_sampling.csv,XSDString,mandatory
source_mat_id error,water,sampling,source_mat_id,33,EMOBON_RFormosa_Wa_33,source_mat_id should match ^EMOBON_RFormosa_Wa_220224_200um_3$,/github/workspace/logsheets/filtered/water_sampling.csv,XSDString,mandatory
source_mat_id error,water,sampling,source_mat_id,34,EMOBON_RFormosa_Wa_34,source_mat_id should match ^EMOBON_RFormosa_Wa_220224_200um_4$,/github/workspace/logsheets/filtered/water_sampling.csv,XSDString,mandatory
source_mat_id error,water,sampling,source_mat_id,35,EMOBON_RFormosa_Wa_35,source_mat_id should match ^EMOBON_RFormosa_Wa_220224_3um_1$,/github/workspace/logsheets/filtered/water_sampling.csv,XSDString,mandatory
source_mat_id error,water,sampling,source_mat_id,36,EMOBON_RFormosa_Wa_36,source_mat_id should match ^EMOBON_RFormosa_Wa_220224_3um_2$,/github/workspace/logsheets/filtered/water_sampling.csv,XSDString,mandatory
source_mat_id error,water,sampling,source_mat_id,37,EMOBON_RFormosa_Wa_37,source_mat_id should match ^EMOBON_RFormosa_Wa_220224_3um_3$,/github/workspace/logsheets/filtered/water_sampling.csv,XSDString,mandatory
source_mat_id error,water,sampling,source_mat_id,38,EMOBON_RFormosa_Wa_38,source_mat_id should match ^EMOBON_RFormosa_Wa_220224_3um_4$,/github/workspace/logsheets/filtered/water_sampling.csv,XSDString,mandatory
source_mat_id error,water,sampling,source_mat_id,39,EMOBON_RFormosa_Wa_39,source_mat_id should match ^EMOBON_RFormosa_Wa_220224_200um_blank_1$,/github/workspace/logsheets/filtered/water_sampling.csv,XSDString,mandatory
source_mat_id error,water,sampling,source_mat_id,40,EMOBON_RFormosa_Wa_40,source_mat_id should match ^EMOBON_RFormosa_Wa_220224_3um_blank_1$,/github/workspace/logsheets/filtered/water_sampling.csv,XSDString,mandatory
source_mat_id error,water,sampling,source_mat_id,41,EMOBON_RFormosa_Wa_41,source_mat_id should match ^EMOBON_RFormosa_Wa_220428_200um_1$,/github/workspace/logsheets/filtered/water_sampling.csv,XSDString,mandatory
source_mat_id error,water,sampling,source_mat_id,42,EMOBON_RFormosa_Wa_42,source_mat_id should match ^EMOBON_RFormosa_Wa_220428_200um_2$,/github/workspace/logsheets/filtered/water_sampling.csv,XSDString,mandatory
source_mat_id error,water,sampling,source_mat_id,43,EMOBON_RFormosa_Wa_43,source_mat_id should match ^EMOBON_RFormosa_Wa_220428_200um_3$,/github/workspace/logsheets/filtered/water_sampling.csv,XSDString,mandatory
source_mat_id error,water,sampling,source_mat_id,44,EMOBON_RFormosa_Wa_44,source_mat_id should match ^EMOBON_RFormosa_Wa_220428_200um_4$,/github/workspace/logsheets/filtered/water_sampling.csv,XSDString,mandatory
source_mat_id error,water,sampling,source_mat_id,45,EMOBON_RFormosa_Wa_45,source_mat_id should match ^EMOBON_RFormosa_Wa_220428_3um_1$,/github/workspace/logsheets/filtered/water_sampling.csv,XSDString,mandatory
source_mat_id error,water,sampling,source_mat_id,46,EMOBON_RFormosa_Wa_46,source_mat_id should match ^EMOBON_RFormosa_Wa_220428_3um_2$,/github/workspace/logsheets/filtered/water_sampling.csv,XSDString,mandatory
source_mat_id error,water,sampling,source_mat_id,47,EMOBON_RFormosa_Wa_47,source_mat_id should match ^EMOBON_RFormosa_Wa_220428_3um_3$,/github/workspace/logsheets/filtered/water_sampling.csv,XSDString,mandatory
source_mat_id error,water,sampling,source_mat_id,48,EMOBON_RFormosa_Wa_48,source_mat_id should match ^EMOBON_RFormosa_Wa_220428_3um_4$,/github/workspace/logsheets/filtered/water_sampling.csv,XSDString,mandatory
source_mat_id error,water,sampling,source_mat_id,49,EMOBON_RFormosa_Wa_49,source_mat_id should match ^EMOBON_RFormosa_Wa_220428_200um_blank_1$,/github/workspace/logsheets/filtered/water_sampling.csv,XSDString,mandatory
source_mat_id error,water,sampling,source_mat_id,50,EMOBON_RFormosa_Wa_50,source_mat_id should match ^EMOBON_RFormosa_Wa_220428_3um_blank_1$,/github/workspace/logsheets/filtered/water_sampling.csv,XSDString,mandatory
source_mat_id error,water,sampling,source_mat_id,51,EMOBON_RFormosa_Wa_51,source_mat_id should match ^EMOBON_RFormosa_Wa_220629_200um_1$,/github/workspace/logsheets/filtered/water_sampling.csv,XSDString,mandatory
source_mat_id error,water,sampling,source_mat_id,52,EMOBON_RFormosa_Wa_52,source_mat_id should match ^EMOBON_RFormosa_Wa_220629_200um_2$,/github/workspace/logsheets/filtered/water_sampling.csv,XSDString,mandatory
source_mat_id error,water,sampling,source_mat_id,53,EMOBON_RFormosa_Wa_53,source_mat_id should match ^EMOBON_RFormosa_Wa_220629_200um_3$,/github/workspace/logsheets/filtered/water_sampling.csv,XSDString,mandatory
source_mat_id error,water,sampling,source_mat_id,54,EMOBON_RFormosa_Wa_54,source_mat_id should match ^EMOBON_RFormosa_Wa_220629_200um_4$,/github/workspace/logsheets/filtered/water_sampling.csv,XSDString,mandatory
source_mat_id error,water,sampling,source_mat_id,55,EMOBON_RFormosa_Wa_55,source_mat_id should match ^EMOBON_RFormosa_Wa_220629_3um_1$,/github/workspace/logsheets/filtered/water_sampling.csv,XSDString,mandatory
source_mat_id error,water,sampling,source_mat_id,56,EMOBON_RFormosa_Wa_56,source_mat_id should match ^EMOBON_RFormosa_Wa_220629_3um_2$,/github/workspace/logsheets/filtered/water_sampling.csv,XSDString,mandatory
source_mat_id error,water,sampling,source_mat_id,57,EMOBON_RFormosa_Wa_57,source_mat_id should match ^EMOBON_RFormosa_Wa_220629_3um_3$,/github/workspace/logsheets/filtered/water_sampling.csv,XSDString,mandatory
source_mat_id error,water,sampling,source_mat_id,58,EMOBON_RFormosa_Wa_58,source_mat_id should match ^EMOBON_RFormosa_Wa_220629_3um_4$,/github/workspace/logsheets/filtered/water_sampling.csv,XSDString,mandatory
source_mat_id error,water,sampling,source_mat_id,59,EMOBON_RFormosa_Wa_59,source_mat_id should match ^EMOBON_RFormosa_Wa_220629_200um_blank_1$,/github/workspace/logsheets/filtered/water_sampling.csv,XSDString,mandatory
source_mat_id error,water,sampling,source_mat_id,60,EMOBON_RFormosa_Wa_60,source_mat_id should match ^EMOBON_RFormosa_Wa_220629_3um_blank_1$,/github/workspace/logsheets/filtered/water_sampling.csv,XSDString,mandatory
source_mat_id error,water,sampling,source_mat_id,61,EMOBON_RFormosa_Wa_61,source_mat_id should match ^EMOBON_RFormosa_Wa_220909_200um_1$,/github/workspace/logsheets/filtered/water_sampling.csv,XSDString,mandatory
source_mat_id error,water,sampling,source_mat_id,62,EMOBON_RFormosa_Wa_62,source_mat_id should match ^EMOBON_RFormosa_Wa_220909_200um_2$,/github/workspace/logsheets/filtered/water_sampling.csv,XSDString,mandatory
source_mat_id error,water,sampling,source_mat_id,63,EMOBON_RFormosa_Wa_63,source_mat_id should match ^EMOBON_RFormosa_Wa_220909_200um_3$,/github/workspace/logsheets/filtered/water_sampling.csv,XSDString,mandatory
source_mat_id error,water,sampling,source_mat_id,64,EMOBON_RFormosa_Wa_64,source_mat_id should match ^EMOBON_RFormosa_Wa_220909_200um_4$,/github/workspace/logsheets/filtered/water_sampling.csv,XSDString,mandatory
source_mat_id error,water,sampling,source_mat_id,65,EMOBON_RFormosa_Wa_65,source_mat_id should match ^EMOBON_RFormosa_Wa_220909_3um_1$,/github/workspace/logsheets/filtered/water_sampling.csv,XSDString,mandatory
source_mat_id error,water,sampling,source_mat_id,66,EMOBON_RFormosa_Wa_66,source_mat_id should match ^EMOBON_RFormosa_Wa_220909_3um_2$,/github/workspace/logsheets/filtered/water_sampling.csv,XSDString,mandatory
source_mat_id error,water,sampling,source_mat_id,67,EMOBON_RFormosa_Wa_67,source_mat_id should match ^EMOBON_RFormosa_Wa_220909_3um_3$,/github/workspace/logsheets/filtered/water_sampling.csv,XSDString,mandatory
source_mat_id error,water,sampling,source_mat_id,68,EMOBON_RFormosa_Wa_68,source_mat_id should match ^EMOBON_RFormosa_Wa_220909_3um_4$,/github/workspace/logsheets/filtered/water_sampling.csv,XSDString,mandatory
source_mat_id error,water,sampling,source_mat_id,69,EMOBON_RFormosa_Wa_69,source_mat_id should match ^EMOBON_RFormosa_Wa_220909_200um_blank_1$,/github/workspace/logsheets/filtered/water_sampling.csv,XSDString,mandatory
source_mat_id error,water,sampling,source_mat_id,70,EMOBON_RFormosa_Wa_70,source_mat_id should match ^EMOBON_RFormosa_Wa_220909_3um_blank_1$,/github/workspace/logsheets/filtered/water_sampling.csv,XSDString,mandatory
source_mat_id error,water,sampling,source_mat_id,71,EMOBON_RFormosa_Wa_71,source_mat_id should match ^EMOBON_RFormosa_Wa_221021_200um_1$,/github/workspace/logsheets/filtered/water_sampling.csv,XSDString,mandatory
source_mat_id error,water,sampling,source_mat_id,72,EMOBON_RFormosa_Wa_72,source_mat_id should match ^EMOBON_RFormosa_Wa_221021_200um_2$,/github/workspace/logsheets/filtered/water_sampling.csv,XSDString,mandatory
source_mat_id error,water,sampling,source_mat_id,73,EMOBON_RFormosa_Wa_73,source_mat_id should match ^EMOBON_RFormosa_Wa_221021_200um_3$,/github/workspace/logsheets/filtered/water_sampling.csv,XSDString,mandatory
source_mat_id error,water,sampling,source_mat_id,74,EMOBON_RFormosa_Wa_74,source_mat_id should match ^EMOBON_RFormosa_Wa_221021_200um_4$,/github/workspace/logsheets/filtered/water_sampling.csv,XSDString,mandatory
source_mat_id error,water,sampling,source_mat_id,75,EMOBON_RFormosa_Wa_75,source_mat_id should match ^EMOBON_RFormosa_Wa_221021_3um_1$,/github/workspace/logsheets/filtered/water_sampling.csv,XSDString,mandatory
source_mat_id error,water,sampling,source_mat_id,76,EMOBON_RFormosa_Wa_76,source_mat_id should match ^EMOBON_RFormosa_Wa_221021_3um_2$,/github/workspace/logsheets/filtered/water_sampling.csv,XSDString,mandatory
source_mat_id error,water,sampling,source_mat_id,77,EMOBON_RFormosa_Wa_77,source_mat_id should match ^EMOBON_RFormosa_Wa_221021_3um_3$,/github/workspace/logsheets/filtered/water_sampling.csv,XSDString,mandatory
source_mat_id error,water,sampling,source_mat_id,78,EMOBON_RFormosa_Wa_78,source_mat_id should match ^EMOBON_RFormosa_Wa_221021_3um_4$,/github/workspace/logsheets/filtered/water_sampling.csv,XSDString,mandatory
source_mat_id error,water,sampling,source_mat_id,79,EMOBON_RFormosa_Wa_79,source_mat_id should match ^EMOBON_RFormosa_Wa_221021_200um_blank_1$,/github/workspace/logsheets/filtered/water_sampling.csv,XSDString,mandatory
source_mat_id error,water,sampling,source_mat_id,80,EMOBON_RFormosa_Wa_80,source_mat_id should match ^EMOBON_RFormosa_Wa_221021_3um_blank_1$,/github/workspace/logsheets/filtered/water_sampling.csv,XSDString,mandatory
source_mat_id error,water,sampling,source_mat_id,81,EMOBON_RFormosa_Wa_81,source_mat_id should match ^EMOBON_RFormosa_Wa_221216_200um_1$,/github/workspace/logsheets/filtered/water_sampling.csv,XSDString,mandatory
source_mat_id error,water,sampling,source_mat_id,82,EMOBON_RFormosa_Wa_82,source_mat_id should match ^EMOBON_RFormosa_Wa_221216_200um_2$,/github/workspace/logsheets/filtered/water_sampling.csv,XSDString,mandatory
source_mat_id error,water,sampling,source_mat_id,83,EMOBON_RFormosa_Wa_83,source_mat_id should match ^EMOBON_RFormosa_Wa_221216_200um_3$,/github/workspace/logsheets/filtered/water_sampling.csv,XSDString,mandatory
source_mat_id error,water,sampling,source_mat_id,84,EMOBON_RFormosa_Wa_84,source_mat_id should match ^EMOBON_RFormosa_Wa_221216_200um_4$,/github/workspace/logsheets/filtered/water_sampling.csv,XSDString,mandatory
source_mat_id error,water,sampling,source_mat_id,85,EMOBON_RFormosa_Wa_85,source_mat_id should match ^EMOBON_RFormosa_Wa_221216_3um_1$,/github/workspace/logsheets/filtered/water_sampling.csv,XSDString,mandatory
source_mat_id error,water,sampling,source_mat_id,86,EMOBON_RFormosa_Wa_86,source_mat_id should match ^EMOBON_RFormosa_Wa_221216_3um_2$,/github/workspace/logsheets/filtered/water_sampling.csv,XSDString,mandatory
source_mat_id error,water,sampling,source_mat_id,87,EMOBON_RFormosa_Wa_87,source_mat_id should match ^EMOBON_RFormosa_Wa_221216_3um_3$,/github/workspace/logsheets/filtered/water_sampling.csv,XSDString,mandatory
source_mat_id error,water,sampling,source_mat_id,88,EMOBON_RFormosa_Wa_88,source_mat_id should match ^EMOBON_RFormosa_Wa_221216_3um_4$,/github/workspace/logsheets/filtered/water_sampling.csv,XSDString,mandatory
source_mat_id error,water,sampling,source_mat_id,89,EMOBON_RFormosa_Wa_89,source_mat_id should match ^EMOBON_RFormosa_Wa_221216_200um_blank_1$,/github/workspace/logsheets/filtered/water_sampling.csv,XSDString,mandatory
source_mat_id error,water,sampling,source_mat_id,90,EMOBON_RFormosa_Wa_90,source_mat_id should match ^EMOBON_RFormosa_Wa_221216_3um_blank_1$,/github/workspace/logsheets/filtered/water_sampling.csv,XSDString,mandatory
missing value,sediment,measured,source_mat_id,96,<empty>,\,/github/workspace/logsheets/filtered/sediment_measured.csv,XSDString,mandatory
missing value,sediment,measured,source_mat_id,97,<empty>,\,/github/workspace/logsheets/filtered/sediment_measured.csv,XSDString,mandatory
missing value,sediment,measured,source_mat_id,98,<empty>,\,/github/workspace/logsheets/filtered/sediment_measured.csv,XSDString,mandatory
missing value,sediment,measured,source_mat_id,99,<empty>,\,/github/workspace/logsheets/filtered/sediment_measured.csv,XSDString,mandatory
missing value,sediment,measured,source_mat_id,100,<empty>,\,/github/workspace/logsheets/filtered/sediment_measured.csv,XSDString,mandatory
missing value,sediment,measured,source_mat_id,101,<empty>,\,/github/workspace/logsheets/filtered/sediment_measured.csv,XSDString,mandatory
missing value,sediment,measured,source_mat_id,102,<empty>,\,/github/workspace/logsheets/filtered/sediment_measured.csv,XSDString,mandatory
missing value,sediment,measured,source_mat_id,103,<empty>,\,/github/workspace/logsheets/filtered/sediment_measured.csv,XSDString,mandatory
missing value,sediment,measured,source_mat_id,104,<empty>,\,/github/workspace/logsheets/filtered/sediment_measured.csv,XSDString,mandatory
missing value,sediment,measured,source_mat_id,105,<empty>,\,/github/workspace/logsheets/filtered/sediment_measured.csv,XSDString,mandatory
missing value,water,measured,source_mat_id,191,<empty>,\,/github/workspace/logsheets/filtered/water_measured.csv,XSDString,mandatory
missing value,water,measured,source_mat_id,192,<empty>,\,/github/workspace/logsheets/filtered/water_measured.csv,XSDString,mandatory
missing value,water,measured,source_mat_id,193,<empty>,\,/github/workspace/logsheets/filtered/water_measured.csv,XSDString,mandatory
missing value,water,measured,source_mat_id,194,<empty>,\,/github/workspace/logsheets/filtered/water_measured.csv,XSDString,mandatory
missing value,water,measured,source_mat_id,195,<empty>,\,/github/workspace/logsheets/filtered/water_measured.csv,XSDString,mandatory
missing value,water,measured,source_mat_id,196,<empty>,\,/github/workspace/logsheets/filtered/water_measured.csv,XSDString,mandatory
missing value,water,measured,source_mat_id,197,<empty>,\,/github/workspace/logsheets/filtered/water_measured.csv,XSDString,mandatory
missing value,water,measured,source_mat_id,198,<empty>,\,/github/workspace/logsheets/filtered/water_measured.csv,XSDString,mandatory
missing value,water,measured,source_mat_id,199,<empty>,\,/github/workspace/logsheets/filtered/water_measured.csv,XSDString,mandatory
missing value,water,measured,source_mat_id,200,<empty>,\,/github/workspace/logsheets/filtered/water_measured.csv,XSDString,mandatory
missing value,water,measured,source_mat_id,201,<empty>,\,/github/workspace/logsheets/filtered/water_measured.csv,XSDString,mandatory
missing value,water,measured,source_mat_id,202,<empty>,\,/github/workspace/logsheets/filtered/water_measured.csv,XSDString,mandatory
missing value,water,measured,source_mat_id,203,<empty>,\,/github/workspace/logsheets/filtered/water_measured.csv,XSDString,mandatory
missing value,water,measured,source_mat_id,204,<empty>,\,/github/workspace/logsheets/filtered/water_measured.csv,XSDString,mandatory
missing value,water,measured,source_mat_id,205,<empty>,\,/github/workspace/logsheets/filtered/water_measured.csv,XSDString,mandatory
missing value,water,measured,source_mat_id,206,<empty>,\,/github/workspace/logsheets/filtered/water_measured.csv,XSDString,mandatory
missing value,water,measured,source_mat_id,207,<empty>,\,/github/workspace/logsheets/filtered/water_measured.csv,XSDString,mandatory
missing value,water,measured,source_mat_id,208,<empty>,\,/github/workspace/logsheets/filtered/water_measured.csv,XSDString,mandatory
missing value,water,measured,source_mat_id,209,<empty>,\,/github/workspace/logsheets/filtered/water_measured.csv,XSDString,mandatory
missing value,water,measured,source_mat_id,210,<empty>,\,/github/workspace/logsheets/filtered/water_measured.csv,XSDString,mandatory
missing value,water,sampling,ENA_accession_number_sample,1,<empty>,\,/github/workspace/logsheets/filtered/water_sampling.csv,XSDAnyURI,mandatory
missing value,water,sampling,ENA_accession_number_sample,2,<empty>,\,/github/workspace/logsheets/filtered/water_sampling.csv,XSDAnyURI,mandatory
missing value,water,sampling,ENA_accession_number_sample,5,<empty>,\,/github/workspace/logsheets/filtered/water_sampling.csv,XSDAnyURI,mandatory
missing value,water,sampling,ENA_accession_number_sample,6,<empty>,\,/github/workspace/logsheets/filtered/water_sampling.csv,XSDAnyURI,mandatory
missing value,water,sampling,ENA_accession_number_sample,11,<empty>,\,/github/workspace/logsheets/filtered/water_sampling.csv,XSDAnyURI,mandatory
missing value,water,sampling,ENA_accession_number_sample,12,<empty>,\,/github/workspace/logsheets/filtered/water_sampling.csv,XSDAnyURI,mandatory
missing value,water,sampling,ENA_accession_number_sample,15,<empty>,\,/github/workspace/logsheets/filtered/water_sampling.csv,XSDAnyURI,mandatory
missing value,water,sampling,ENA_accession_number_sample,16,<empty>,\,/github/workspace/logsheets/filtered/water_sampling.csv,XSDAnyURI,mandatory
missing value,water,sampling,ENA_accession_number_sample,21,<empty>,\,/github/workspace/logsheets/filtered/water_sampling.csv,XSDAnyURI,mandatory
missing value,water,sampling,ENA_accession_number_sample,22,<empty>,\,/github/workspace/logsheets/filtered/water_sampling.csv,XSDAnyURI,mandatory
missing value,water,sampling,ENA_accession_number_sample,25,<empty>,\,/github/workspace/logsheets/filtered/water_sampling.csv,XSDAnyURI,mandatory
missing value,water,sampling,ENA_accession_number_sample,26,<empty>,\,/github/workspace/logsheets/filtered/water_sampling.csv,XSDAnyURI,mandatory
missing value,water,sampling,ENA_accession_number_sample,31,<empty>,\,/github/workspace/logsheets/filtered/water_sampling.csv,XSDAnyURI,mandatory
missing value,water,sampling,ENA_accession_number_sample,32,<empty>,\,/github/workspace/logsheets/filtered/water_sampling.csv,XSDAnyURI,mandatory
missing value,water,sampling,ENA_accession_number_sample,35,<empty>,\,/github/workspace/logsheets/filtered/water_sampling.csv,XSDAnyURI,mandatory
missing value,water,sampling,ENA_accession_number_sample,36,<empty>,\,/github/workspace/logsheets/filtered/water_sampling.csv,XSDAnyURI,mandatory
missing value,water,sampling,ENA_accession_number_sample,41,<empty>,\,/github/workspace/logsheets/filtered/water_sampling.csv,XSDAnyURI,mandatory
missing value,water,sampling,ENA_accession_number_sample,42,<empty>,\,/github/workspace/logsheets/filtered/water_sampling.csv,XSDAnyURI,mandatory
missing value,water,sampling,ENA_accession_number_sample,45,<empty>,\,/github/workspace/logsheets/filtered/water_sampling.csv,XSDAnyURI,mandatory
missing value,water,sampling,ENA_accession_number_sample,46,<empty>,\,/github/workspace/logsheets/filtered/water_sampling.csv,XSDAnyURI,mandatory
missing value,water,sampling,ENA_accession_number_sample,51,<empty>,\,/github/workspace/logsheets/filtered/water_sampling.csv,XSDAnyURI,mandatory
missing value,water,sampling,ENA_accession_number_sample,52,<empty>,\,/github/workspace/logsheets/filtered/water_sampling.csv,XSDAnyURI,mandatory
missing value,water,sampling,ENA_accession_number_sample,55,<empty>,\,/github/workspace/logsheets/filtered/water_sampling.csv,XSDAnyURI,mandatory
missing value,water,sampling,ENA_accession_number_sample,56,<empty>,\,/github/workspace/logsheets/filtered/water_sampling.csv,XSDAnyURI,mandatory
missing value,water,sampling,ENA_accession_number_sample,61,<empty>,\,/github/workspace/logsheets/filtered/water_sampling.csv,XSDAnyURI,mandatory
missing value,water,sampling,ENA_accession_number_sample,62,<empty>,\,/github/workspace/logsheets/filtered/water_sampling.csv,XSDAnyURI,mandatory
missing value,water,sampling,ENA_accession_number_sample,65,<empty>,\,/github/workspace/logsheets/filtered/water_sampling.csv,XSDAnyURI,mandatory
missing value,water,sampling,ENA_accession_number_sample,66,<empty>,\,/github/workspace/logsheets/filtered/water_sampling.csv,XSDAnyURI,mandatory
missing value,water,sampling,ENA_accession_number_sample,71,<empty>,\,/github/workspace/logsheets/filtered/water_sampling.csv,XSDAnyURI,mandatory
missing value,water,sampling,ENA_accession_number_sample,72,<empty>,\,/github/workspace/logsheets/filtered/water_sampling.csv,XSDAnyURI,mandatory
missing value,water,sampling,ENA_accession_number_sample,75,<empty>,\,/github/workspace/logsheets/filtered/water_sampling.csv,XSDAnyURI,mandatory
missing value,water,sampling,ENA_accession_number_sample,76,<empty>,\,/github/workspace/logsheets/filtered/water_sampling.csv,XSDAnyURI,mandatory
missing value,water,sampling,ENA_accession_number_sample,81,<empty>,\,/github/workspace/logsheets/filtered/water_sampling.csv,XSDAnyURI,mandatory
missing value,water,sampling,ENA_accession_number_sample,82,<empty>,\,/github/workspace/logsheets/filtered/water_sampling.csv,XSDAnyURI,mandatory
missing value,water,sampling,ENA_accession_number_sample,85,<empty>,\,/github/workspace/logsheets/filtered/water_sampling.csv,XSDAnyURI,mandatory
missing value,water,sampling,ENA_accession_number_sample,86,<empty>,\,/github/workspace/logsheets/filtered/water_sampling.csv,XSDAnyURI,mandatory
missing value,water,sampling,arr_date_seq,71,<empty>,\,/github/workspace/logsheets/filtered/water_sampling.csv,XSDDate,mandatory
missing value,water,sampling,arr_date_seq,72,<empty>,\,/github/workspace/logsheets/filtered/water_sampling.csv,XSDDate,mandatory
missing value,water,sampling,arr_date_seq,75,<empty>,\,/github/workspace/logsheets/filtered/water_sampling.csv,XSDDate,mandatory
missing value,water,sampling,arr_date_seq,76,<empty>,\,/github/workspace/logsheets/filtered/water_sampling.csv,XSDDate,mandatory
missing value,water,sampling,arr_date_seq,81,<empty>,\,/github/workspace/logsheets/filtered/water_sampling.csv,XSDDate,mandatory
missing value,water,sampling,arr_date_seq,82,<empty>,\,/github/workspace/logsheets/filtered/water_sampling.csv,XSDDate,mandatory
missing value,water,sampling,arr_date_seq,85,<empty>,\,/github/workspace/logsheets/filtered/water_sampling.csv,XSDDate,mandatory
missing value,water,sampling,arr_date_seq,86,<empty>,\,/github/workspace/logsheets/filtered/water_sampling.csv,XSDDate,mandatory
missing value,water,sampling,ship_date_seq,71,<empty>,\,/github/workspace/logsheets/filtered/water_sampling.csv,XSDDate,mandatory
missing value,water,sampling,ship_date_seq,72,<empty>,\,/github/workspace/logsheets/filtered/water_sampling.csv,XSDDate,mandatory
missing value,water,sampling,ship_date_seq,75,<empty>,\,/github/workspace/logsheets/filtered/water_sampling.csv,XSDDate,mandatory
missing value,water,sampling,ship_date_seq,76,<empty>,\,/github/workspace/logsheets/filtered/water_sampling.csv,XSDDate,mandatory
missing value,water,sampling,ship_date_seq,81,<empty>,\,/github/workspace/logsheets/filtered/water_sampling.csv,XSDDate,mandatory
missing value,water,sampling,ship_date_seq,82,<empty>,\,/github/workspace/logsheets/filtered/water_sampling.csv,XSDDate,mandatory
missing value,water,sampling,ship_date_seq,85,<empty>,\,/github/workspace/logsheets/filtered/water_sampling.csv,XSDDate,mandatory
missing value,water,sampling,ship_date_seq,86,<empty>,\,/github/workspace/logsheets/filtered/water_sampling.csv,XSDDate,mandatory
missing value,water,sampling,failure,31,<empty>,\,/github/workspace/logsheets/filtered/water_sampling.csv,XSDBoolean,mandatory
missing value,water,sampling,failure,32,<empty>,\,/github/workspace/logsheets/filtered/water_sampling.csv,XSDBoolean,mandatory
missing value,water,sampling,failure,35,<empty>,\,/github/workspace/logsheets/filtered/water_sampling.csv,XSDBoolean,mandatory
missing value,water,sampling,failure,36,<empty>,\,/github/workspace/logsheets/filtered/water_sampling.csv,XSDBoolean,mandatory
missing value,water,sampling,failure,41,<empty>,\,/github/workspace/logsheets/filtered/water_sampling.csv,XSDBoolean,mandatory
missing value,water,sampling,failure,42,<empty>,\,/github/workspace/logsheets/filtered/water_sampling.csv,XSDBoolean,mandatory
missing value,water,sampling,failure,45,<empty>,\,/github/workspace/logsheets/filtered/water_sampling.csv,XSDBoolean,mandatory
missing value,water,sampling,failure,46,<empty>,\,/github/workspace/logsheets/filtered/water_sampling.csv,XSDBoolean,mandatory
missing value,water,sampling,failure,51,<empty>,\,/github/workspace/logsheets/filtered/water_sampling.csv,XSDBoolean,mandatory
missing value,water,sampling,failure,52,<empty>,\,/github/workspace/logsheets/filtered/water_sampling.csv,XSDBoolean,mandatory
missing value,water,sampling,failure,55,<empty>,\,/github/workspace/logsheets/filtered/water_sampling.csv,XSDBoolean,mandatory
missing value,water,sampling,failure,56,<empty>,\,/github/workspace/logsheets/filtered/water_sampling.csv,XSDBoolean,mandatory
missing value,water,sampling,failure,61,<empty>,\,/github/workspace/logsheets/filtered/water_sampling.csv,XSDBoolean,mandatory
missing value,water,sampling,failure,62,<empty>,\,/github/workspace/logsheets/filtered/water_sampling.csv,XSDBoolean,mandatory
missing value,water,sampling,failure,65,<empty>,\,/github/workspace/logsheets/filtered/water_sampling.csv,XSDBoolean,mandatory
missing value,water,sampling,failure,66,<empty>,\,/github/workspace/logsheets/filtered/water_sampling.csv,XSDBoolean,mandatory
missing value,water,sampling,failure,71,<empty>,\,/github/workspace/logsheets/filtered/water_sampling.csv,XSDBoolean,mandatory
missing value,water,sampling,failure,72,<empty>,\,/github/workspace/logsheets/filtered/water_sampling.csv,XSDBoolean,mandatory
missing value,water,sampling,failure,75,<empty>,\,/github/workspace/logsheets/filtered/water_sampling.csv,XSDBoolean,mandatory
missing value,water,sampling,failure,76,<empty>,\,/github/workspace/logsheets/filtered/water_sampling.csv,XSDBoolean,mandatory
missing value,water,sampling,failure,81,<empty>,\,/github/workspace/logsheets/filtered/water_sampling.csv,XSDBoolean,mandatory
missing value,water,sampling,failure,82,<empty>,\,/github/workspace/logsheets/filtered/water_sampling.csv,XSDBoolean,mandatory
missing value,water,sampling,failure,85,<empty>,\,/github/workspace/logsheets/filtered/water_sampling.csv,XSDBoolean,mandatory
missing value,water,sampling,failure,86,<empty>,\,/github/workspace/logsheets/filtered/water_sampling.csv,XSDBoolean,mandatory
missing value,water,sampling,failure_comment,31,<empty>,\,/github/workspace/logsheets/filtered/water_sampling.csv,XSDString,mandatory
missing value,water,sampling,failure_comment,32,<empty>,\,/github/workspace/logsheets/filtered/water_sampling.csv,XSDString,mandatory
missing value,water,sampling,failure_comment,35,<empty>,\,/github/workspace/logsheets/filtered/water_sampling.csv,XSDString,mandatory
missing value,water,sampling,failure_comment,36,<empty>,\,/github/workspace/logsheets/filtered/water_sampling.csv,XSDString,mandatory
missing value,water,sampling,failure_comment,41,<empty>,\,/github/workspace/logsheets/filtered/water_sampling.csv,XSDString,mandatory
missing value,water,sampling,failure_comment,42,<empty>,\,/github/workspace/logsheets/filtered/water_sampling.csv,XSDString,mandatory
missing value,water,sampling,failure_comment,45,<empty>,\,/github/workspace/logsheets/filtered/water_sampling.csv,XSDString,mandatory
missing value,water,sampling,failure_comment,46,<empty>,\,/github/workspace/logsheets/filtered/water_sampling.csv,XSDString,mandatory
missing value,water,sampling,failure_comment,51,<empty>,\,/github/workspace/logsheets/filtered/water_sampling.csv,XSDString,mandatory
missing value,water,sampling,failure_comment,52,<empty>,\,/github/workspace/logsheets/filtered/water_sampling.csv,XSDString,mandatory
missing value,water,sampling,failure_comment,55,<empty>,\,/github/workspace/logsheets/filtered/water_sampling.csv,XSDString,mandatory
missing value,water,sampling,failure_comment,56,<empty>,\,/github/workspace/logsheets/filtered/water_sampling.csv,XSDString,mandatory
missing value,water,sampling,failure_comment,61,<empty>,\,/github/workspace/logsheets/filtered/water_sampling.csv,XSDString,mandatory
missing value,water,sampling,failure_comment,62,<empty>,\,/github/workspace/logsheets/filtered/water_sampling.csv,XSDString,mandatory
missing value,water,sampling,failure_comment,65,<empty>,\,/github/workspace/logsheets/filtered/water_sampling.csv,XSDString,mandatory
missing value,water,sampling,failure_comment,66,<empty>,\,/github/workspace/logsheets/filtered/water_sampling.csv,XSDString,mandatory
missing value,water,sampling,failure_comment,71,<empty>,\,/github/workspace/logsheets/filtered/water_sampling.csv,XSDString,mandatory
missing value,water,sampling,failure_comment,72,<empty>,\,/github/workspace/logsheets/filtered/water_sampling.csv,XSDString,mandatory
missing value,water,sampling,failure_comment,75,<empty>,\,/github/workspace/logsheets/filtered/water_sampling.csv,XSDString,mandatory
missing value,water,sampling,failure_comment,76,<empty>,\,/github/workspace/logsheets/filtered/water_sampling.csv,XSDString,mandatory
missing value,water,sampling,failure_comment,81,<empty>,\,/github/workspace/logsheets/filtered/water_sampling.csv,XSDString,mandatory
missing value,water,sampling,failure_comment,82,<empty>,\,/github/workspace/logsheets/filtered/water_sampling.csv,XSDString,mandatory
missing value,water,sampling,failure_comment,85,<empty>,\,/github/workspace/logsheets/filtered/water_sampling.csv,XSDString,mandatory
missing value,water,sampling,failure_comment,86,<empty>,\,/github/workspace/logsheets/filtered/water_sampling.csv,XSDString,mandatory
