source_mat_id_orig,samp_description,tax_id,scientific_name,investigation_type,env_material,collection_date,sampling_event,sampl_person,sampl_person_orcid,tidal_stage,depth,replicate,samp_size_vol,time_fi,size_frac,size_frac_low,size_frac_up,membr_cut,samp_collect_device,samp_mat_process,samp_mat_process_dev,samp_store_date,samp_store_loc,samp_store_temp,store_person,store_person_orcid,other_person,other_person_orcid,long_store,ship_date,arr_date_hq,store_temp_hq,ship_date_seq,arr_date_seq,failure,failure_comment,ENA_accession_number_sample,source_mat_id
EMO BON RFormosa Wa 210805 3um_1,EMOBON metagenome water sample from station RFormosa collected on 2021-08-05 size fraction 3-200um,https://www.ncbi.nlm.nih.gov/taxonomy/browser/wwwtax.cgi?id=1874687,marine plankton metagenome,metagenome,lagoon [ENVO_00000038];marine water body [ENVO:00001999]; surface water [ENVO:00002042],2021-08-05,RFormosa_Wa_210805,Bruno Louro,https://orcid.org/0000-0001-8164-581X,low_tide,0.2,1,5,fi,3-200,200,3,true,bucket,WaSOP 1,peristaltic pump,2021-08-05,"Ed7, room 1.10, freezer #300387-118",-80,Bruno Louro,https://orcid.org/0000-0001-8164-581X,,,false,2021-10-12,2021-10-19,-70,2021-11-24,2021-11-24,false,NA,,EMOBON_RFormosa_Wa_210805_3um_1
EMO BON RFormosa Wa 210805 3um_2,EMOBON metagenome water sample from station RFormosa collected on 2021-08-05 size fraction 3-200um,https://www.ncbi.nlm.nih.gov/taxonomy/browser/wwwtax.cgi?id=1874687,marine plankton metagenome,metagenome,lagoon [ENVO_00000038];marine water body [ENVO:00001999]; surface water [ENVO:00002042],2021-08-05,RFormosa_Wa_210805,Bruno Louro,https://orcid.org/0000-0001-8164-581X,low_tide,0.2,2,5,fi,3-200,200,3,true,bucket,WaSOP 1,peristaltic pump,2021-08-05,"Ed7, room 1.10, freezer #300387-118",-80,Bruno Louro,https://orcid.org/0000-0001-8164-581X,,,false,2021-10-12,2021-10-19,-70,2021-11-24,2021-11-24,false,NA,,EMOBON_RFormosa_Wa_210805_3um_2
EMO BON RFormosa Wa 210805 3um_3,EMOBON metagenome water sample from station RFormosa collected on 2021-08-05 size fraction 3-200um,https://www.ncbi.nlm.nih.gov/taxonomy/browser/wwwtax.cgi?id=1874687,marine plankton metagenome,metagenome,lagoon [ENVO_00000038];marine water body [ENVO:00001999]; surface water [ENVO:00002042],2021-08-05,RFormosa_Wa_210805,Bruno Louro,https://orcid.org/0000-0001-8164-581X,low_tide,0.2,3,5,fi,3-200,200,3,true,bucket,WaSOP 1,peristaltic pump,2021-08-05,"Ed7, room 1.10, freezer #300387-118",-80,Bruno Louro,https://orcid.org/0000-0001-8164-581X,,,true,NA,NA,NA,NA,NA,NA,NA,NA,EMOBON_RFormosa_Wa_210805_3um_3
EMO BON RFormosa Wa 210805 3um_4,EMOBON metagenome water sample from station RFormosa collected on 2021-08-05 size fraction 3-200um,https://www.ncbi.nlm.nih.gov/taxonomy/browser/wwwtax.cgi?id=1874687,marine plankton metagenome,metagenome,lagoon [ENVO_00000038];marine water body [ENVO:00001999]; surface water [ENVO:00002042],2021-08-05,RFormosa_Wa_210805,Bruno Louro,https://orcid.org/0000-0001-8164-581X,low_tide,0.2,4,5,fi,3-200,200,3,true,bucket,WaSOP 1,peristaltic pump,2021-08-05,"Ed7, room 1.10, freezer #300387-118",-80,Bruno Louro,https://orcid.org/0000-0001-8164-581X,,,true,NA,NA,NA,NA,NA,NA,NA,NA,EMOBON_RFormosa_Wa_210805_3um_4
EMO BON RFormosa Wa 210805 0.22um_1,EMOBON metagenome water sample from station RFormosa collected on 2021-08-05 size fraction 0.2-3um,https://www.ncbi.nlm.nih.gov/taxonomy/browser/wwwtax.cgi?id=1874687,marine plankton metagenome,metagenome,lagoon [ENVO_00000038];marine water body [ENVO:00001999]; surface water [ENVO:00002042],2021-08-05,RFormosa_Wa_210805,Bruno Louro,https://orcid.org/0000-0001-8164-581X,low_tide,0.2,1,5,fi,0.2-3,3,0.2,true,bucket,WaSOP 1,peristaltic pump,2021-08-05,"Ed7, room 1.10, freezer #300387-118",-80,Bruno Louro,https://orcid.org/0000-0001-8164-581X,,,false,2021-10-12,2021-10-19,-70,2021-11-24,2021-11-24,false,NA,,EMOBON_RFormosa_Wa_210805_0.2um_1
EMO BON RFormosa Wa 210805 0.22um_2,EMOBON metagenome water sample from station RFormosa collected on 2021-08-05 size fraction 0.2-3um,https://www.ncbi.nlm.nih.gov/taxonomy/browser/wwwtax.cgi?id=1874687,marine plankton metagenome,metagenome,lagoon [ENVO_00000038];marine water body [ENVO:00001999]; surface water [ENVO:00002042],2021-08-05,RFormosa_Wa_210805,Bruno Louro,https://orcid.org/0000-0001-8164-581X,low_tide,0.2,2,5,fi,0.2-3,3,0.2,true,bucket,WaSOP 1,peristaltic pump,2021-08-05,"Ed7, room 1.10, freezer #300387-118",-80,Bruno Louro,https://orcid.org/0000-0001-8164-581X,,,false,2021-10-12,2021-10-19,-70,2021-11-24,2021-11-24,false,NA,,EMOBON_RFormosa_Wa_210805_0.2um_2
EMO BON RFormosa Wa 210805 0.22um_3,EMOBON metagenome water sample from station RFormosa collected on 2021-08-05 size fraction 0.2-3um,https://www.ncbi.nlm.nih.gov/taxonomy/browser/wwwtax.cgi?id=1874687,marine plankton metagenome,metagenome,lagoon [ENVO_00000038];marine water body [ENVO:00001999]; surface water [ENVO:00002042],2021-08-05,RFormosa_Wa_210805,Bruno Louro,https://orcid.org/0000-0001-8164-581X,low_tide,0.2,3,5,fi,0.2-3,3,0.2,true,bucket,WaSOP 1,peristaltic pump,2021-08-05,"Ed7, room 1.10, freezer #300387-118",-80,Bruno Louro,https://orcid.org/0000-0001-8164-581X,,,true,NA,NA,NA,NA,NA,NA,NA,NA,EMOBON_RFormosa_Wa_210805_0.2um_3
EMO BON RFormosa Wa 210805 0.22um_4,EMOBON metagenome water sample from station RFormosa collected on 2021-08-05 size fraction 0.2-3um,https://www.ncbi.nlm.nih.gov/taxonomy/browser/wwwtax.cgi?id=1874687,marine plankton metagenome,metagenome,lagoon [ENVO_00000038];marine water body [ENVO:00001999]; surface water [ENVO:00002042],2021-08-05,RFormosa_Wa_210805,Bruno Louro,https://orcid.org/0000-0001-8164-581X,low_tide,0.2,4,5,fi,0.2-3,3,0.2,true,bucket,WaSOP 1,peristaltic pump,2021-08-05,"Ed7, room 1.10, freezer #300387-118",-80,Bruno Louro,https://orcid.org/0000-0001-8164-581X,,,true,NA,NA,NA,NA,NA,NA,NA,NA,EMOBON_RFormosa_Wa_210805_0.2um_4
EMO BON RFormosa Wa 210805 3um_Blank,EMOBON metagenome water sample from station RFormosa collected on 2021-08-05 size fraction 3-200um,https://www.ncbi.nlm.nih.gov/taxonomy/browser/wwwtax.cgi?id=32644,unidentified,metagenome,lagoon [ENVO_00000038];marine water body [ENVO:00001999]; surface water [ENVO:00002042],2021-08-05,RFormosa_Wa_210805,Bruno Louro,https://orcid.org/0000-0001-8164-581X,low_tide,NA,blank,5,fi,3-200,200,3,false,NA,WaSOP 1,peristaltic pump,2021-08-05,"Ed7, room 1.10, freezer #300387-118",-80,Bruno Louro,https://orcid.org/0000-0001-8164-581X,,,true,NA,NA,NA,NA,NA,NA,NA,NA,EMOBON_RFormosa_Wa_210805_3um_blank
EMO BON RFormosa Wa 210805 0.22um_Blank,EMOBON metagenome water sample from station RFormosa collected on 2021-08-05 size fraction 0.2-3um,https://www.ncbi.nlm.nih.gov/taxonomy/browser/wwwtax.cgi?id=32644,unidentified,metagenome,lagoon [ENVO_00000038];marine water body [ENVO:00001999]; surface water [ENVO:00002042],2021-08-05,RFormosa_Wa_210805,Bruno Louro,https://orcid.org/0000-0001-8164-581X,low_tide,NA,blank,5,fi,0.2-3,3,0.2,false,NA,WaSOP 1,peristaltic pump,2021-08-05,"Ed7, room 1.10, freezer #300387-118",-80,Bruno Louro,https://orcid.org/0000-0001-8164-581X,,,true,NA,NA,NA,NA,NA,NA,NA,NA,EMOBON_RFormosa_Wa_210805_0.2um_blank
EMO BON RFormosa Wa 211022 3um_1,EMOBON metagenome water sample from station RFormosa collected on 2021-10-22 size fraction 3-200um,https://www.ncbi.nlm.nih.gov/taxonomy/browser/wwwtax.cgi?id=1874687,marine plankton metagenome,metagenome,lagoon [ENVO_00000038];marine water body [ENVO:00001999]; surface water [ENVO:00002042],2021-10-22,RFormosa_Wa_211022,Bruno Louro,https://orcid.org/0000-0001-8164-581X,low_tide,0.2,1,5,fi,3-200,200,3,true,bucket,WaSOP 1,peristaltic pump,2021-10-22,"Ed7, room 1.10, freezer #300387-118",-80,Bruno Louro,https://orcid.org/0000-0001-8164-581X,,,false,2022-01-24,2022-02-02,-70,2022-02-22,2022-02-23,false,NA,,EMOBON_RFormosa_Wa_211022_3um_1
EMO BON RFormosa Wa 211022 3um_2,EMOBON metagenome water sample from station RFormosa collected on 2021-10-22 size fraction 3-200um,https://www.ncbi.nlm.nih.gov/taxonomy/browser/wwwtax.cgi?id=1874687,marine plankton metagenome,metagenome,lagoon [ENVO_00000038];marine water body [ENVO:00001999]; surface water [ENVO:00002042],2021-10-22,RFormosa_Wa_211022,Bruno Louro,https://orcid.org/0000-0001-8164-581X,low_tide,0.2,2,5,fi,3-200,200,3,true,bucket,WaSOP 1,peristaltic pump,2021-10-22,"Ed7, room 1.10, freezer #300387-118",-80,Bruno Louro,https://orcid.org/0000-0001-8164-581X,,,false,2022-01-24,2022-02-02,-70,2022-02-22,2022-02-23,false,NA,,EMOBON_RFormosa_Wa_211022_3um_2
EMO BON RFormosa Wa 211022 3um_3,EMOBON metagenome water sample from station RFormosa collected on 2021-10-22 size fraction 3-200um,https://www.ncbi.nlm.nih.gov/taxonomy/browser/wwwtax.cgi?id=1874687,marine plankton metagenome,metagenome,lagoon [ENVO_00000038];marine water body [ENVO:00001999]; surface water [ENVO:00002042],2021-10-22,RFormosa_Wa_211022,Bruno Louro,https://orcid.org/0000-0001-8164-581X,low_tide,0.2,3,5,fi,3-200,200,3,true,bucket,WaSOP 1,peristaltic pump,2021-10-22,"Ed7, room 1.10, freezer #300387-118",-80,Bruno Louro,https://orcid.org/0000-0001-8164-581X,,,true,NA,NA,NA,NA,NA,NA,NA,NA,EMOBON_RFormosa_Wa_211022_3um_3
EMO BON RFormosa Wa 211022 3um_4,EMOBON metagenome water sample from station RFormosa collected on 2021-10-22 size fraction 3-200um,https://www.ncbi.nlm.nih.gov/taxonomy/browser/wwwtax.cgi?id=1874687,marine plankton metagenome,metagenome,lagoon [ENVO_00000038];marine water body [ENVO:00001999]; surface water [ENVO:00002042],2021-10-22,RFormosa_Wa_211022,Bruno Louro,https://orcid.org/0000-0001-8164-581X,low_tide,0.2,4,5,fi,3-200,200,3,true,bucket,WaSOP 1,peristaltic pump,2021-10-22,"Ed7, room 1.10, freezer #300387-118",-80,Bruno Louro,https://orcid.org/0000-0001-8164-581X,,,true,NA,NA,NA,NA,NA,NA,NA,NA,EMOBON_RFormosa_Wa_211022_3um_4
EMO BON RFormosa Wa 211022 0.22um_1,EMOBON metagenome water sample from station RFormosa collected on 2021-10-22 size fraction 0.2-3um,https://www.ncbi.nlm.nih.gov/taxonomy/browser/wwwtax.cgi?id=1874687,marine plankton metagenome,metagenome,lagoon [ENVO_00000038];marine water body [ENVO:00001999]; surface water [ENVO:00002042],2021-10-22,RFormosa_Wa_211022,Bruno Louro,https://orcid.org/0000-0001-8164-581X,low_tide,0.2,1,5,fi,0.2-3,3,0.2,true,bucket,WaSOP 1,peristaltic pump,2021-10-22,"Ed7, room 1.10, freezer #300387-118",-80,Bruno Louro,https://orcid.org/0000-0001-8164-581X,,,false,2022-01-24,2022-02-02,-70,2022-02-22,2022-02-23,false,NA,,EMOBON_RFormosa_Wa_211022_0.2um_1
EMO BON RFormosa Wa 211022 0.22um_2,EMOBON metagenome water sample from station RFormosa collected on 2021-10-22 size fraction 0.2-3um,https://www.ncbi.nlm.nih.gov/taxonomy/browser/wwwtax.cgi?id=1874687,marine plankton metagenome,metagenome,lagoon [ENVO_00000038];marine water body [ENVO:00001999]; surface water [ENVO:00002042],2021-10-22,RFormosa_Wa_211022,Bruno Louro,https://orcid.org/0000-0001-8164-581X,low_tide,0.2,2,5,fi,0.2-3,3,0.2,true,bucket,WaSOP 1,peristaltic pump,2021-10-22,"Ed7, room 1.10, freezer #300387-118",-80,Bruno Louro,https://orcid.org/0000-0001-8164-581X,,,false,2022-01-24,2022-02-02,-70,2022-02-22,2022-02-23,false,NA,,EMOBON_RFormosa_Wa_211022_0.2um_2
EMO BON RFormosa Wa 211022 0.22um_3,EMOBON metagenome water sample from station RFormosa collected on 2021-10-22 size fraction 0.2-3um,https://www.ncbi.nlm.nih.gov/taxonomy/browser/wwwtax.cgi?id=1874687,marine plankton metagenome,metagenome,lagoon [ENVO_00000038];marine water body [ENVO:00001999]; surface water [ENVO:00002042],2021-10-22,RFormosa_Wa_211022,Bruno Louro,https://orcid.org/0000-0001-8164-581X,low_tide,0.2,3,5,fi,0.2-3,3,0.2,true,bucket,WaSOP 1,peristaltic pump,2021-10-22,"Ed7, room 1.10, freezer #300387-118",-80,Bruno Louro,https://orcid.org/0000-0001-8164-581X,,,true,NA,NA,NA,NA,NA,NA,NA,NA,EMOBON_RFormosa_Wa_211022_0.2um_3
EMO BON RFormosa Wa 211022 0.22um_4,EMOBON metagenome water sample from station RFormosa collected on 2021-10-22 size fraction 0.2-3um,https://www.ncbi.nlm.nih.gov/taxonomy/browser/wwwtax.cgi?id=1874687,marine plankton metagenome,metagenome,lagoon [ENVO_00000038];marine water body [ENVO:00001999]; surface water [ENVO:00002042],2021-10-22,RFormosa_Wa_211022,Bruno Louro,https://orcid.org/0000-0001-8164-581X,low_tide,0.2,4,5,fi,0.2-3,3,0.2,true,bucket,WaSOP 1,peristaltic pump,2021-10-22,"Ed7, room 1.10, freezer #300387-118",-80,Bruno Louro,https://orcid.org/0000-0001-8164-581X,,,true,NA,NA,NA,NA,NA,NA,NA,NA,EMOBON_RFormosa_Wa_211022_0.2um_4
EMO BON RFormosa Wa 211022 3um_Blank,EMOBON metagenome water sample from station RFormosa collected on 2021-10-22 size fraction 3-200um,https://www.ncbi.nlm.nih.gov/taxonomy/browser/wwwtax.cgi?id=32644,unidentified,metagenome,lagoon [ENVO_00000038];marine water body [ENVO:00001999]; surface water [ENVO:00002042],2021-10-22,RFormosa_Wa_211022,Bruno Louro,https://orcid.org/0000-0001-8164-581X,low_tide,NA,blank,5,fi,3-200,200,3,false,NA,WaSOP 1,peristaltic pump,2021-10-22,"Ed7, room 1.10, freezer #300387-118",-80,Bruno Louro,https://orcid.org/0000-0001-8164-581X,,,true,NA,NA,NA,NA,NA,NA,NA,NA,EMOBON_RFormosa_Wa_211022_3um_blank
EMO BON RFormosa Wa 211022 0.22um_Blank,EMOBON metagenome water sample from station RFormosa collected on 2021-10-22 size fraction 0.2-3um,https://www.ncbi.nlm.nih.gov/taxonomy/browser/wwwtax.cgi?id=32644,unidentified,metagenome,lagoon [ENVO_00000038];marine water body [ENVO:00001999]; surface water [ENVO:00002042],2021-10-22,RFormosa_Wa_211022,Bruno Louro,https://orcid.org/0000-0001-8164-581X,low_tide,NA,blank,5,fi,0.2-3,3,0.2,false,NA,WaSOP 1,peristaltic pump,2021-10-22,"Ed7, room 1.10, freezer #300387-118",-80,Bruno Louro,https://orcid.org/0000-0001-8164-581X,,,true,NA,NA,NA,NA,NA,NA,NA,NA,EMOBON_RFormosa_Wa_211022_0.2um_blank
EMO BON RFormosa Wa 211220 3um_1,EMOBON metagenome water sample from station RFormosa collected on 2021-12-20 size fraction 3-200um,https://www.ncbi.nlm.nih.gov/taxonomy/browser/wwwtax.cgi?id=1874687,marine plankton metagenome,metagenome,lagoon [ENVO_00000038];marine water body [ENVO:00001999]; surface water [ENVO:00002042],2021-12-20,RFormosa_Wa_211220,Bruno Louro,https://orcid.org/0000-0001-8164-581X,low_tide,0.2,1,5,fi,3-200,200,3,true,bucket,WaSOP 1,peristaltic pump,2021-12-20,"Ed7, room 1.10, freezer #300387-118",-80,Bruno Louro,https://orcid.org/0000-0001-8164-581X,,,false,2022-01-24,2022-02-02,-70,2022-02-22,2022-02-23,false,NA,,EMOBON_RFormosa_Wa_211220_3um_1
EMO BON RFormosa Wa 211220 3um_2,EMOBON metagenome water sample from station RFormosa collected on 2021-12-20 size fraction 3-200um,https://www.ncbi.nlm.nih.gov/taxonomy/browser/wwwtax.cgi?id=1874687,marine plankton metagenome,metagenome,lagoon [ENVO_00000038];marine water body [ENVO:00001999]; surface water [ENVO:00002042],2021-12-20,RFormosa_Wa_211220,Bruno Louro,https://orcid.org/0000-0001-8164-581X,low_tide,0.2,2,5,fi,3-200,200,3,true,bucket,WaSOP 1,peristaltic pump,2021-12-20,"Ed7, room 1.10, freezer #300387-118",-80,Bruno Louro,https://orcid.org/0000-0001-8164-581X,,,false,2022-01-24,2022-02-02,-70,2022-02-22,2022-02-23,false,NA,,EMOBON_RFormosa_Wa_211220_3um_2
EMO BON RFormosa Wa 211220 3um_3,EMOBON metagenome water sample from station RFormosa collected on 2021-12-20 size fraction 3-200um,https://www.ncbi.nlm.nih.gov/taxonomy/browser/wwwtax.cgi?id=1874687,marine plankton metagenome,metagenome,lagoon [ENVO_00000038];marine water body [ENVO:00001999]; surface water [ENVO:00002042],2021-12-20,RFormosa_Wa_211220,Bruno Louro,https://orcid.org/0000-0001-8164-581X,low_tide,0.2,3,5,fi,3-200,200,3,true,bucket,WaSOP 1,peristaltic pump,2021-12-20,"Ed7, room 1.10, freezer #300387-118",-80,Bruno Louro,https://orcid.org/0000-0001-8164-581X,,,true,NA,NA,NA,NA,NA,NA,NA,NA,EMOBON_RFormosa_Wa_211220_3um_3
EMO BON RFormosa Wa 211220 3um_4,EMOBON metagenome water sample from station RFormosa collected on 2021-12-20 size fraction 3-200um,https://www.ncbi.nlm.nih.gov/taxonomy/browser/wwwtax.cgi?id=1874687,marine plankton metagenome,metagenome,lagoon [ENVO_00000038];marine water body [ENVO:00001999]; surface water [ENVO:00002042],2021-12-20,RFormosa_Wa_211220,Bruno Louro,https://orcid.org/0000-0001-8164-581X,low_tide,0.2,4,5,fi,3-200,200,3,true,bucket,WaSOP 1,peristaltic pump,2021-12-20,"Ed7, room 1.10, freezer #300387-118",-80,Bruno Louro,https://orcid.org/0000-0001-8164-581X,,,true,NA,NA,NA,NA,NA,NA,NA,NA,EMOBON_RFormosa_Wa_211220_3um_4
EMO BON RFormosa Wa 211220 0.22um_1,EMOBON metagenome water sample from station RFormosa collected on 2021-12-20 size fraction 0.2-3um,https://www.ncbi.nlm.nih.gov/taxonomy/browser/wwwtax.cgi?id=1874687,marine plankton metagenome,metagenome,lagoon [ENVO_00000038];marine water body [ENVO:00001999]; surface water [ENVO:00002042],2021-12-20,RFormosa_Wa_211220,Bruno Louro,https://orcid.org/0000-0001-8164-581X,low_tide,0.2,1,5,fi,0.2-3,3,0.2,true,bucket,WaSOP 1,peristaltic pump,2021-12-20,"Ed7, room 1.10, freezer #300387-118",-80,Bruno Louro,https://orcid.org/0000-0001-8164-581X,,,false,2022-01-24,2022-02-02,-70,2022-02-22,2022-02-23,false,NA,,EMOBON_RFormosa_Wa_211220_0.2um_1
EMO BON RFormosa Wa 211220 0.22um_2,EMOBON metagenome water sample from station RFormosa collected on 2021-12-20 size fraction 0.2-3um,https://www.ncbi.nlm.nih.gov/taxonomy/browser/wwwtax.cgi?id=1874687,marine plankton metagenome,metagenome,lagoon [ENVO_00000038];marine water body [ENVO:00001999]; surface water [ENVO:00002042],2021-12-20,RFormosa_Wa_211220,Bruno Louro,https://orcid.org/0000-0001-8164-581X,low_tide,0.2,2,5,fi,0.2-3,3,0.2,true,bucket,WaSOP 1,peristaltic pump,2021-12-20,"Ed7, room 1.10, freezer #300387-118",-80,Bruno Louro,https://orcid.org/0000-0001-8164-581X,,,false,2022-01-24,2022-02-02,-70,2022-02-22,2022-02-23,false,NA,,EMOBON_RFormosa_Wa_211220_0.2um_2
EMO BON RFormosa Wa 211220 0.22um_3,EMOBON metagenome water sample from station RFormosa collected on 2021-12-20 size fraction 0.2-3um,https://www.ncbi.nlm.nih.gov/taxonomy/browser/wwwtax.cgi?id=1874687,marine plankton metagenome,metagenome,lagoon [ENVO_00000038];marine water body [ENVO:00001999]; surface water [ENVO:00002042],2021-12-20,RFormosa_Wa_211220,Bruno Louro,https://orcid.org/0000-0001-8164-581X,low_tide,0.2,3,5,fi,0.2-3,3,0.2,true,bucket,WaSOP 1,peristaltic pump,2021-12-20,"Ed7, room 1.10, freezer #300387-118",-80,Bruno Louro,https://orcid.org/0000-0001-8164-581X,,,true,NA,NA,NA,NA,NA,NA,NA,NA,EMOBON_RFormosa_Wa_211220_0.2um_3
EMO BON RFormosa Wa 211220 0.22um_4,EMOBON metagenome water sample from station RFormosa collected on 2021-12-20 size fraction 0.2-3um,https://www.ncbi.nlm.nih.gov/taxonomy/browser/wwwtax.cgi?id=1874687,marine plankton metagenome,metagenome,lagoon [ENVO_00000038];marine water body [ENVO:00001999]; surface water [ENVO:00002042],2021-12-20,RFormosa_Wa_211220,Bruno Louro,https://orcid.org/0000-0001-8164-581X,low_tide,0.2,4,5,fi,0.2-3,3,0.2,true,bucket,WaSOP 1,peristaltic pump,2021-12-20,"Ed7, room 1.10, freezer #300387-118",-80,Bruno Louro,https://orcid.org/0000-0001-8164-581X,,,true,NA,NA,NA,NA,NA,NA,NA,NA,EMOBON_RFormosa_Wa_211220_0.2um_4
EMO BON RFormosa Wa 211220 3um_Blank,EMOBON metagenome water sample from station RFormosa collected on 2021-12-20 size fraction 3-200um,https://www.ncbi.nlm.nih.gov/taxonomy/browser/wwwtax.cgi?id=32644,unidentified,metagenome,lagoon [ENVO_00000038];marine water body [ENVO:00001999]; surface water [ENVO:00002042],2021-12-20,RFormosa_Wa_211220,Bruno Louro,https://orcid.org/0000-0001-8164-581X,low_tide,NA,blank,5,fi,3-200,200,3,false,NA,WaSOP 1,peristaltic pump,2021-12-20,"Ed7, room 1.10, freezer #300387-118",-80,Bruno Louro,https://orcid.org/0000-0001-8164-581X,,,false,2022-01-24,2022-02-02,-70,2022-02-22,2022-02-23,true,blank; non-quantifiable DNA after extraction,NA,EMOBON_RFormosa_Wa_211220_3um_blank
EMO BON RFormosa Wa 211220 0.22um_Blank,EMOBON metagenome water sample from station RFormosa collected on 2021-12-20 size fraction 0.2-3um,https://www.ncbi.nlm.nih.gov/taxonomy/browser/wwwtax.cgi?id=32644,unidentified,metagenome,lagoon [ENVO_00000038];marine water body [ENVO:00001999]; surface water [ENVO:00002042],2021-12-20,RFormosa_Wa_211220,Bruno Louro,https://orcid.org/0000-0001-8164-581X,low_tide,NA,blank,5,fi,0.2-3,3,0.2,false,NA,WaSOP 1,peristaltic pump,2021-12-20,"Ed7, room 1.10, freezer #300387-118",-80,Bruno Louro,https://orcid.org/0000-0001-8164-581X,,,false,2022-01-24,2022-02-02,-70,2022-02-22,2022-02-23,true,blank; non-quantifiable DNA after extraction,NA,EMOBON_RFormosa_Wa_211220_0.2um_blank
EMO BON RFormosa Wa 220224 3um_1,EMOBON metagenome water sample from station RFormosa collected on 2022-02-24 size fraction 3-200um,https://www.ncbi.nlm.nih.gov/taxonomy/browser/wwwtax.cgi?id=1874687,marine plankton metagenome,metagenome,lagoon [ENVO_00000038];marine water body [ENVO:00001999]; surface water [ENVO:00002042],2022-02-24,RFormosa_Wa_220224,Bruno Louro,https://orcid.org/0000-0001-8164-581X,low_tide,0.2,1,5,fi,3-200,200,3,true,bucket,WaSOP 1,peristaltic pump,2022-02-24,"Ed7, room 1.10, freezer #300387-118",-80,Bruno Louro,https://orcid.org/0000-0001-8164-581X,,,false,2022-10-17,2022-10-26,-70,2023-06-01,2023-06-01,,,,EMOBON_RFormosa_Wa_220224_3um_1
EMO BON RFormosa Wa 220224 3um_2,EMOBON metagenome water sample from station RFormosa collected on 2022-02-24 size fraction 3-200um,https://www.ncbi.nlm.nih.gov/taxonomy/browser/wwwtax.cgi?id=1874687,marine plankton metagenome,metagenome,lagoon [ENVO_00000038];marine water body [ENVO:00001999]; surface water [ENVO:00002042],2022-02-24,RFormosa_Wa_220224,Bruno Louro,https://orcid.org/0000-0001-8164-581X,low_tide,0.2,2,5,fi,3-200,200,3,true,bucket,WaSOP 1,peristaltic pump,2022-02-24,"Ed7, room 1.10, freezer #300387-118",-80,Bruno Louro,https://orcid.org/0000-0001-8164-581X,,,false,2022-10-17,2022-10-26,-70,2023-06-01,2023-06-01,,,,EMOBON_RFormosa_Wa_220224_3um_2
EMO BON RFormosa Wa 220224 3um_3,EMOBON metagenome water sample from station RFormosa collected on 2022-02-24 size fraction 3-200um,https://www.ncbi.nlm.nih.gov/taxonomy/browser/wwwtax.cgi?id=1874687,marine plankton metagenome,metagenome,lagoon [ENVO_00000038];marine water body [ENVO:00001999]; surface water [ENVO:00002042],2022-02-24,RFormosa_Wa_220224,Bruno Louro,https://orcid.org/0000-0001-8164-581X,low_tide,0.2,3,5,fi,3-200,200,3,true,bucket,WaSOP 1,peristaltic pump,2022-02-24,"Ed7, room 1.10, freezer #300387-118",-80,Bruno Louro,https://orcid.org/0000-0001-8164-581X,,,true,NA,NA,NA,NA,NA,NA,NA,NA,EMOBON_RFormosa_Wa_220224_3um_3
EMO BON RFormosa Wa 220224 3um_4,EMOBON metagenome water sample from station RFormosa collected on 2022-02-24 size fraction 3-200um,https://www.ncbi.nlm.nih.gov/taxonomy/browser/wwwtax.cgi?id=1874687,marine plankton metagenome,metagenome,lagoon [ENVO_00000038];marine water body [ENVO:00001999]; surface water [ENVO:00002042],2022-02-24,RFormosa_Wa_220224,Bruno Louro,https://orcid.org/0000-0001-8164-581X,low_tide,0.2,4,5,fi,3-200,200,3,true,bucket,WaSOP 1,peristaltic pump,2022-02-24,"Ed7, room 1.10, freezer #300387-118",-80,Bruno Louro,https://orcid.org/0000-0001-8164-581X,,,true,NA,NA,NA,NA,NA,NA,NA,NA,EMOBON_RFormosa_Wa_220224_3um_4
EMO BON RFormosa Wa 220224 0.22um_1,EMOBON metagenome water sample from station RFormosa collected on 2022-02-24 size fraction 0.2-3um,https://www.ncbi.nlm.nih.gov/taxonomy/browser/wwwtax.cgi?id=1874687,marine plankton metagenome,metagenome,lagoon [ENVO_00000038];marine water body [ENVO:00001999]; surface water [ENVO:00002042],2022-02-24,RFormosa_Wa_220224,Bruno Louro,https://orcid.org/0000-0001-8164-581X,low_tide,0.2,1,5,fi,0.2-3,3,0.2,true,bucket,WaSOP 1,peristaltic pump,2022-02-24,"Ed7, room 1.10, freezer #300387-118",-80,Bruno Louro,https://orcid.org/0000-0001-8164-581X,,,false,2022-10-17,2022-10-26,-70,2023-06-01,2023-06-01,,,,EMOBON_RFormosa_Wa_220224_0.2um_1
EMO BON RFormosa Wa 220224 0.22um_2,EMOBON metagenome water sample from station RFormosa collected on 2022-02-24 size fraction 0.2-3um,https://www.ncbi.nlm.nih.gov/taxonomy/browser/wwwtax.cgi?id=1874687,marine plankton metagenome,metagenome,lagoon [ENVO_00000038];marine water body [ENVO:00001999]; surface water [ENVO:00002042],2022-02-24,RFormosa_Wa_220224,Bruno Louro,https://orcid.org/0000-0001-8164-581X,low_tide,0.2,2,5,fi,0.2-3,3,0.2,true,bucket,WaSOP 1,peristaltic pump,2022-02-24,"Ed7, room 1.10, freezer #300387-118",-80,Bruno Louro,https://orcid.org/0000-0001-8164-581X,,,false,2022-10-17,2022-10-26,-70,2023-06-01,2023-06-01,,,,EMOBON_RFormosa_Wa_220224_0.2um_2
EMO BON RFormosa Wa 220224 0.22um_3,EMOBON metagenome water sample from station RFormosa collected on 2022-02-24 size fraction 0.2-3um,https://www.ncbi.nlm.nih.gov/taxonomy/browser/wwwtax.cgi?id=1874687,marine plankton metagenome,metagenome,lagoon [ENVO_00000038];marine water body [ENVO:00001999]; surface water [ENVO:00002042],2022-02-24,RFormosa_Wa_220224,Bruno Louro,https://orcid.org/0000-0001-8164-581X,low_tide,0.2,3,5,fi,0.2-3,3,0.2,true,bucket,WaSOP 1,peristaltic pump,2022-02-24,"Ed7, room 1.10, freezer #300387-118",-80,Bruno Louro,https://orcid.org/0000-0001-8164-581X,,,true,NA,NA,NA,NA,NA,NA,NA,NA,EMOBON_RFormosa_Wa_220224_0.2um_3
EMO BON RFormosa Wa 220224 0.22um_4,EMOBON metagenome water sample from station RFormosa collected on 2022-02-24 size fraction 0.2-3um,https://www.ncbi.nlm.nih.gov/taxonomy/browser/wwwtax.cgi?id=1874687,marine plankton metagenome,metagenome,lagoon [ENVO_00000038];marine water body [ENVO:00001999]; surface water [ENVO:00002042],2022-02-24,RFormosa_Wa_220224,Bruno Louro,https://orcid.org/0000-0001-8164-581X,low_tide,0.2,4,5,fi,0.2-3,3,0.2,true,bucket,WaSOP 1,peristaltic pump,2022-02-24,"Ed7, room 1.10, freezer #300387-118",-80,Bruno Louro,https://orcid.org/0000-0001-8164-581X,,,true,NA,NA,NA,NA,NA,NA,NA,NA,EMOBON_RFormosa_Wa_220224_0.2um_4
EMO BON RFormosa Wa 220224 3um_Blank,EMOBON metagenome water sample from station RFormosa collected on 2022-02-24 size fraction 3-200um,https://www.ncbi.nlm.nih.gov/taxonomy/browser/wwwtax.cgi?id=32644,unidentified,metagenome,lagoon [ENVO_00000038];marine water body [ENVO:00001999]; surface water [ENVO:00002042],2022-02-24,RFormosa_Wa_220224,Bruno Louro,https://orcid.org/0000-0001-8164-581X,low_tide,NA,blank,5,fi,3-200,200,3,false,NA,WaSOP 1,peristaltic pump,2022-02-24,"Ed7, room 1.10, freezer #300387-118",-80,Bruno Louro,https://orcid.org/0000-0001-8164-581X,,,true,NA,NA,NA,NA,NA,NA,NA,NA,EMOBON_RFormosa_Wa_220224_3um_blank
EMO BON RFormosa Wa 220224 0.22um_Blank,EMOBON metagenome water sample from station RFormosa collected on 2022-02-24 size fraction 0.2-3um,https://www.ncbi.nlm.nih.gov/taxonomy/browser/wwwtax.cgi?id=32644,unidentified,metagenome,lagoon [ENVO_00000038];marine water body [ENVO:00001999]; surface water [ENVO:00002042],2022-02-24,RFormosa_Wa_220224,Bruno Louro,https://orcid.org/0000-0001-8164-581X,low_tide,NA,blank,5,fi,0.2-3,3,0.2,false,NA,WaSOP 1,peristaltic pump,2022-02-24,"Ed7, room 1.10, freezer #300387-118",-80,Bruno Louro,https://orcid.org/0000-0001-8164-581X,,,true,NA,NA,NA,NA,NA,NA,NA,NA,EMOBON_RFormosa_Wa_220224_0.2um_blank
EMO BON RFormosa Wa 220428 3um_1,EMOBON metagenome water sample from station RFormosa collected on 2022-04-28 size fraction 3-200um,https://www.ncbi.nlm.nih.gov/taxonomy/browser/wwwtax.cgi?id=1874687,marine plankton metagenome,metagenome,lagoon [ENVO_00000038];marine water body [ENVO:00001999]; surface water [ENVO:00002042],2022-04-28,RFormosa_Wa_220428,Bruno Louro,https://orcid.org/0000-0001-8164-581X,low_tide,0.2,1,5,fi,3-200,200,3,true,bucket,WaSOP 1,peristaltic pump,2022-02-24,"Ed7, room 1.10, freezer #300387-118",-80,Bruno Louro,https://orcid.org/0000-0001-8164-581X,,,false,2022-10-17,2022-10-26,-70,2023-06-01,2023-06-01,,,,EMOBON_RFormosa_Wa_220428_3um_1
EMO BON RFormosa Wa 2200428 3um_2,EMOBON metagenome water sample from station RFormosa collected on 2022-04-28 size fraction 3-200um,https://www.ncbi.nlm.nih.gov/taxonomy/browser/wwwtax.cgi?id=1874687,marine plankton metagenome,metagenome,lagoon [ENVO_00000038];marine water body [ENVO:00001999]; surface water [ENVO:00002042],2022-04-28,RFormosa_Wa_220428,Bruno Louro,https://orcid.org/0000-0001-8164-581X,low_tide,0.2,2,5,fi,3-200,200,3,true,bucket,WaSOP 1,peristaltic pump,2022-04-28,"Ed7, room 1.10, freezer #300387-118",-80,Bruno Louro,https://orcid.org/0000-0001-8164-581X,,,false,2022-10-17,2022-10-26,-70,2023-06-01,2023-06-01,,,,EMOBON_RFormosa_Wa_220428_3um_2
EMO BON RFormosa Wa 2200428 3um_3,EMOBON metagenome water sample from station RFormosa collected on 2022-04-28 size fraction 3-200um,https://www.ncbi.nlm.nih.gov/taxonomy/browser/wwwtax.cgi?id=1874687,marine plankton metagenome,metagenome,lagoon [ENVO_00000038];marine water body [ENVO:00001999]; surface water [ENVO:00002042],2022-04-28,RFormosa_Wa_220428,Bruno Louro,https://orcid.org/0000-0001-8164-581X,low_tide,0.2,3,5,fi,3-200,200,3,true,bucket,WaSOP 1,peristaltic pump,2022-04-28,"Ed7, room 1.10, freezer #300387-118",-80,Bruno Louro,https://orcid.org/0000-0001-8164-581X,,,true,NA,NA,NA,NA,NA,NA,NA,NA,EMOBON_RFormosa_Wa_220428_3um_3
EMO BON RFormosa Wa 220428 3um_4,EMOBON metagenome water sample from station RFormosa collected on 2022-04-28 size fraction 3-200um,https://www.ncbi.nlm.nih.gov/taxonomy/browser/wwwtax.cgi?id=1874687,marine plankton metagenome,metagenome,lagoon [ENVO_00000038];marine water body [ENVO:00001999]; surface water [ENVO:00002042],2022-04-28,RFormosa_Wa_220428,Bruno Louro,https://orcid.org/0000-0001-8164-581X,low_tide,0.2,4,5,fi,3-200,200,3,true,bucket,WaSOP 1,peristaltic pump,2022-04-28,"Ed7, room 1.10, freezer #300387-118",-80,Bruno Louro,https://orcid.org/0000-0001-8164-581X,,,true,NA,NA,NA,NA,NA,NA,NA,NA,EMOBON_RFormosa_Wa_220428_3um_4
EMO BON RFormosa Wa 2200428 0.22um_1,EMOBON metagenome water sample from station RFormosa collected on 2022-04-28 size fraction 0.2-3um,https://www.ncbi.nlm.nih.gov/taxonomy/browser/wwwtax.cgi?id=1874687,marine plankton metagenome,metagenome,lagoon [ENVO_00000038];marine water body [ENVO:00001999]; surface water [ENVO:00002042],2022-04-28,RFormosa_Wa_220428,Bruno Louro,https://orcid.org/0000-0001-8164-581X,low_tide,0.2,1,5,fi,0.2-3,3,0.2,true,bucket,WaSOP 1,peristaltic pump,2022-04-28,"Ed7, room 1.10, freezer #300387-118",-80,Bruno Louro,https://orcid.org/0000-0001-8164-581X,,,false,2022-10-17,2022-10-26,-70,2023-06-01,2023-06-01,,,,EMOBON_RFormosa_Wa_220428_0.2um_1
EMO BON RFormosa Wa 220428 0.22um_2,EMOBON metagenome water sample from station RFormosa collected on 2022-04-28 size fraction 0.2-3um,https://www.ncbi.nlm.nih.gov/taxonomy/browser/wwwtax.cgi?id=1874687,marine plankton metagenome,metagenome,lagoon [ENVO_00000038];marine water body [ENVO:00001999]; surface water [ENVO:00002042],2022-04-28,RFormosa_Wa_220428,Bruno Louro,https://orcid.org/0000-0001-8164-581X,low_tide,0.2,2,5,fi,0.2-3,3,0.2,true,bucket,WaSOP 1,peristaltic pump,2022-04-28,"Ed7, room 1.10, freezer #300387-118",-80,Bruno Louro,https://orcid.org/0000-0001-8164-581X,,,false,2022-10-17,2022-10-26,-70,2023-06-01,2023-06-01,,,,EMOBON_RFormosa_Wa_220428_0.2um_2
EMO BON RFormosa Wa 220428 0.22um_3,EMOBON metagenome water sample from station RFormosa collected on 2022-04-28 size fraction 0.2-3um,https://www.ncbi.nlm.nih.gov/taxonomy/browser/wwwtax.cgi?id=1874687,marine plankton metagenome,metagenome,lagoon [ENVO_00000038];marine water body [ENVO:00001999]; surface water [ENVO:00002042],2022-04-28,RFormosa_Wa_220428,Bruno Louro,https://orcid.org/0000-0001-8164-581X,low_tide,0.2,3,5,fi,0.2-3,3,0.2,true,bucket,WaSOP 1,peristaltic pump,2022-04-28,"Ed7, room 1.10, freezer #300387-118",-80,Bruno Louro,https://orcid.org/0000-0001-8164-581X,,,true,NA,NA,NA,NA,NA,NA,NA,NA,EMOBON_RFormosa_Wa_220428_0.2um_3
EMO BON RFormosa Wa 2200428 0.22um_4,EMOBON metagenome water sample from station RFormosa collected on 2022-04-28 size fraction 0.2-3um,https://www.ncbi.nlm.nih.gov/taxonomy/browser/wwwtax.cgi?id=1874687,marine plankton metagenome,metagenome,lagoon [ENVO_00000038];marine water body [ENVO:00001999]; surface water [ENVO:00002042],2022-04-28,RFormosa_Wa_220428,Bruno Louro,https://orcid.org/0000-0001-8164-581X,low_tide,0.2,4,5,fi,0.2-3,3,0.2,true,bucket,WaSOP 1,peristaltic pump,2022-04-28,"Ed7, room 1.10, freezer #300387-118",-80,Bruno Louro,https://orcid.org/0000-0001-8164-581X,,,true,NA,NA,NA,NA,NA,NA,NA,NA,EMOBON_RFormosa_Wa_220428_0.2um_4
EMO BON RFormosa Wa 220428 3um_Blank,EMOBON metagenome water sample from station RFormosa collected on 2022-04-28 size fraction 3-200um,https://www.ncbi.nlm.nih.gov/taxonomy/browser/wwwtax.cgi?id=32644,unidentified,metagenome,lagoon [ENVO_00000038];marine water body [ENVO:00001999]; surface water [ENVO:00002042],2022-04-28,RFormosa_Wa_220428,Bruno Louro,https://orcid.org/0000-0001-8164-581X,low_tide,NA,blank,5,fi,3-200,200,3,false,NA,WaSOP 1,peristaltic pump,2022-04-28,"Ed7, room 1.10, freezer #300387-118",-80,Bruno Louro,https://orcid.org/0000-0001-8164-581X,,,true,NA,NA,NA,NA,NA,NA,NA,NA,EMOBON_RFormosa_Wa_220428_3um_blank
EMO BON RFormosa Wa 200428 0.22um_Blank,EMOBON metagenome water sample from station RFormosa collected on 2022-04-28 size fraction 0.2-3um,https://www.ncbi.nlm.nih.gov/taxonomy/browser/wwwtax.cgi?id=32644,unidentified,metagenome,lagoon [ENVO_00000038];marine water body [ENVO:00001999]; surface water [ENVO:00002042],2022-04-28,RFormosa_Wa_220428,Bruno Louro,https://orcid.org/0000-0001-8164-581X,low_tide,NA,blank,5,fi,0.2-3,3,0.2,false,NA,WaSOP 1,peristaltic pump,2022-04-28,"Ed7, room 1.10, freezer #300387-118",-80,Bruno Louro,https://orcid.org/0000-0001-8164-581X,,,true,NA,NA,NA,NA,NA,NA,NA,NA,EMOBON_RFormosa_Wa_220428_0.2um_blank
EMO BON RFormosa Wa 220629 3um_1,EMOBON metagenome water sample from station RFormosa collected on 2022-06-29 size fraction 3-200um,https://www.ncbi.nlm.nih.gov/taxonomy/browser/wwwtax.cgi?id=1874687,marine plankton metagenome,metagenome,lagoon [ENVO_00000038];marine water body [ENVO:00001999]; surface water [ENVO:00002042],2022-06-29,RFormosa_Wa_220629,Bruno Louro,https://orcid.org/0000-0001-8164-581X,low_tide,0.2,1,5,fi,3-200,200,3,true,bucket,WaSOP 1,peristaltic pump,2022-06-29,"Ed7, room 1.10, freezer #300387-118",-80,Bruno Louro,https://orcid.org/0000-0001-8164-581X,,,false,2022-10-17,2022-10-26,-70,2023-06-01,2023-06-01,,,,EMOBON_RFormosa_Wa_220629_3um_1
EMO BON RFormosa Wa 220629 3um_2,EMOBON metagenome water sample from station RFormosa collected on 2022-06-29 size fraction 3-200um,https://www.ncbi.nlm.nih.gov/taxonomy/browser/wwwtax.cgi?id=1874687,marine plankton metagenome,metagenome,lagoon [ENVO_00000038];marine water body [ENVO:00001999]; surface water [ENVO:00002042],2022-06-29,RFormosa_Wa_220629,Bruno Louro,https://orcid.org/0000-0001-8164-581X,low_tide,0.2,2,5,fi,3-200,200,3,true,bucket,WaSOP 1,peristaltic pump,2022-06-29,"Ed7, room 1.10, freezer #300387-118",-80,Bruno Louro,https://orcid.org/0000-0001-8164-581X,,,false,2022-10-17,2022-10-26,-70,2023-06-01,2023-06-01,,,,EMOBON_RFormosa_Wa_220629_3um_2
EMO BON RFormosa Wa 220629 3um_3,EMOBON metagenome water sample from station RFormosa collected on 2022-06-29 size fraction 3-200um,https://www.ncbi.nlm.nih.gov/taxonomy/browser/wwwtax.cgi?id=1874687,marine plankton metagenome,metagenome,lagoon [ENVO_00000038];marine water body [ENVO:00001999]; surface water [ENVO:00002042],2022-06-29,RFormosa_Wa_220629,Bruno Louro,https://orcid.org/0000-0001-8164-581X,low_tide,0.2,3,5,fi,3-200,200,3,true,bucket,WaSOP 1,peristaltic pump,2022-06-29,"Ed7, room 1.10, freezer #300387-118",-80,Bruno Louro,https://orcid.org/0000-0001-8164-581X,,,true,NA,NA,NA,NA,NA,NA,NA,NA,EMOBON_RFormosa_Wa_220629_3um_3
EMO BON RFormosa Wa 220629 3um_4,EMOBON metagenome water sample from station RFormosa collected on 2022-06-29 size fraction 3-200um,https://www.ncbi.nlm.nih.gov/taxonomy/browser/wwwtax.cgi?id=1874687,marine plankton metagenome,metagenome,lagoon [ENVO_00000038];marine water body [ENVO:00001999]; surface water [ENVO:00002042],2022-06-29,RFormosa_Wa_220629,Bruno Louro,https://orcid.org/0000-0001-8164-581X,low_tide,0.2,4,5,fi,3-200,200,3,true,bucket,WaSOP 1,peristaltic pump,2022-06-29,"Ed7, room 1.10, freezer #300387-118",-80,Bruno Louro,https://orcid.org/0000-0001-8164-581X,,,true,NA,NA,NA,NA,NA,NA,NA,NA,EMOBON_RFormosa_Wa_220629_3um_4
EMO BON RFormosa Wa 220629 0.22um_1,EMOBON metagenome water sample from station RFormosa collected on 2022-06-29 size fraction 0.2-3um,https://www.ncbi.nlm.nih.gov/taxonomy/browser/wwwtax.cgi?id=1874687,marine plankton metagenome,metagenome,lagoon [ENVO_00000038];marine water body [ENVO:00001999]; surface water [ENVO:00002042],2022-06-29,RFormosa_Wa_220629,Bruno Louro,https://orcid.org/0000-0001-8164-581X,low_tide,0.2,1,5,fi,0.2-3,3,0.2,true,bucket,WaSOP 1,peristaltic pump,2022-06-29,"Ed7, room 1.10, freezer #300387-118",-80,Bruno Louro,https://orcid.org/0000-0001-8164-581X,,,false,2022-10-17,2022-10-26,-70,2023-06-01,2023-06-01,,,,EMOBON_RFormosa_Wa_220629_0.2um_1
EMO BON RFormosa Wa 220629 0.22um_2,EMOBON metagenome water sample from station RFormosa collected on 2022-06-29 size fraction 0.2-3um,https://www.ncbi.nlm.nih.gov/taxonomy/browser/wwwtax.cgi?id=1874687,marine plankton metagenome,metagenome,lagoon [ENVO_00000038];marine water body [ENVO:00001999]; surface water [ENVO:00002042],2022-06-29,RFormosa_Wa_220629,Bruno Louro,https://orcid.org/0000-0001-8164-581X,low_tide,0.2,2,5,fi,0.2-3,3,0.2,true,bucket,WaSOP 1,peristaltic pump,2022-06-29,"Ed7, room 1.10, freezer #300387-118",-80,Bruno Louro,https://orcid.org/0000-0001-8164-581X,,,false,2022-10-17,2022-10-26,-70,2023-06-01,2023-06-01,,,,EMOBON_RFormosa_Wa_220629_0.2um_2
EMO BON RFormosa Wa 220629 0.22um_3,EMOBON metagenome water sample from station RFormosa collected on 2022-06-29 size fraction 0.2-3um,https://www.ncbi.nlm.nih.gov/taxonomy/browser/wwwtax.cgi?id=1874687,marine plankton metagenome,metagenome,lagoon [ENVO_00000038];marine water body [ENVO:00001999]; surface water [ENVO:00002042],2022-06-29,RFormosa_Wa_220629,Bruno Louro,https://orcid.org/0000-0001-8164-581X,low_tide,0.2,3,5,fi,0.2-3,3,0.2,true,bucket,WaSOP 1,peristaltic pump,2022-06-29,"Ed7, room 1.10, freezer #300387-118",-80,Bruno Louro,https://orcid.org/0000-0001-8164-581X,,,true,NA,NA,NA,NA,NA,NA,NA,NA,EMOBON_RFormosa_Wa_220629_0.2um_3
EMO BON RFormosa Wa 220629 0.22um_4,EMOBON metagenome water sample from station RFormosa collected on 2022-06-29 size fraction 0.2-3um,https://www.ncbi.nlm.nih.gov/taxonomy/browser/wwwtax.cgi?id=1874687,marine plankton metagenome,metagenome,lagoon [ENVO_00000038];marine water body [ENVO:00001999]; surface water [ENVO:00002042],2022-06-29,RFormosa_Wa_220629,Bruno Louro,https://orcid.org/0000-0001-8164-581X,low_tide,0.2,4,5,fi,0.2-3,3,0.2,true,bucket,WaSOP 1,peristaltic pump,2022-06-29,"Ed7, room 1.10, freezer #300387-118",-80,Bruno Louro,https://orcid.org/0000-0001-8164-581X,,,true,NA,NA,NA,NA,NA,NA,NA,NA,EMOBON_RFormosa_Wa_220629_0.2um_4
EMO BON RFormosa Wa 220629 3um_Blank,EMOBON metagenome water sample from station RFormosa collected on 2022-06-29 size fraction 3-200um,https://www.ncbi.nlm.nih.gov/taxonomy/browser/wwwtax.cgi?id=32644,unidentified,metagenome,lagoon [ENVO_00000038];marine water body [ENVO:00001999]; surface water [ENVO:00002042],2022-06-29,RFormosa_Wa_220629,Bruno Louro,https://orcid.org/0000-0001-8164-581X,low_tide,NA,blank,5,fi,3-200,200,3,false,NA,WaSOP 1,peristaltic pump,2022-06-29,"Ed7, room 1.10, freezer #300387-118",-80,Bruno Louro,https://orcid.org/0000-0001-8164-581X,,,true,NA,NA,NA,NA,NA,NA,NA,NA,EMOBON_RFormosa_Wa_220629_3um_blank
EMO BON RFormosa Wa 220629 0.22um_Blank,EMOBON metagenome water sample from station RFormosa collected on 2022-06-29 size fraction 0.2-3um,https://www.ncbi.nlm.nih.gov/taxonomy/browser/wwwtax.cgi?id=32644,unidentified,metagenome,lagoon [ENVO_00000038];marine water body [ENVO:00001999]; surface water [ENVO:00002042],2022-06-29,RFormosa_Wa_220629,Bruno Louro,https://orcid.org/0000-0001-8164-581X,low_tide,NA,blank,5,fi,0.2-3,3,0.2,false,NA,WaSOP 1,peristaltic pump,2022-06-29,"Ed7, room 1.10, freezer #300387-118",-80,Bruno Louro,https://orcid.org/0000-0001-8164-581X,,,true,NA,NA,NA,NA,NA,NA,NA,NA,EMOBON_RFormosa_Wa_220629_0.2um_blank
EMO BON RFormosa Wa 2200909 3um_1,EMOBON metagenome water sample from station RFormosa collected on 2022-09-09 size fraction 3-200um,https://www.ncbi.nlm.nih.gov/taxonomy/browser/wwwtax.cgi?id=1874687,marine plankton metagenome,metagenome,lagoon [ENVO_00000038];marine water body [ENVO:00001999]; surface water [ENVO:00002042],2022-09-09,RFormosa_Wa_220909,Bruno Louro,https://orcid.org/0000-0001-8164-581X,low_tide,0.2,1,5,fi,3-200,200,3,true,bucket,WaSOP 1,peristaltic pump,2022-09-09,"Ed7, room 1.10, freezer #300387-118",-80,Bruno Louro,https://orcid.org/0000-0001-8164-581X,,,false,2022-10-17,2022-10-26,-70,2023-06-01,2023-06-01,,,,EMOBON_RFormosa_Wa_220909_3um_1
EMO BON RFormosa Wa 2200909 3um_2,EMOBON metagenome water sample from station RFormosa collected on 2022-09-09 size fraction 3-200um,https://www.ncbi.nlm.nih.gov/taxonomy/browser/wwwtax.cgi?id=1874687,marine plankton metagenome,metagenome,lagoon [ENVO_00000038];marine water body [ENVO:00001999]; surface water [ENVO:00002042],2022-09-09,RFormosa_Wa_220909,Bruno Louro,https://orcid.org/0000-0001-8164-581X,low_tide,0.2,2,5,fi,3-200,200,3,true,bucket,WaSOP 1,peristaltic pump,2022-09-09,"Ed7, room 1.10, freezer #300387-118",-80,Bruno Louro,https://orcid.org/0000-0001-8164-581X,,,false,2022-10-17,2022-10-26,-70,2023-06-01,2023-06-01,,,,EMOBON_RFormosa_Wa_220909_3um_2
EMO BON RFormosa Wa 220909 3um_3,EMOBON metagenome water sample from station RFormosa collected on 2022-09-09 size fraction 3-200um,https://www.ncbi.nlm.nih.gov/taxonomy/browser/wwwtax.cgi?id=1874687,marine plankton metagenome,metagenome,lagoon [ENVO_00000038];marine water body [ENVO:00001999]; surface water [ENVO:00002042],2022-09-09,RFormosa_Wa_220909,Bruno Louro,https://orcid.org/0000-0001-8164-581X,low_tide,0.2,3,5,fi,3-200,200,3,true,bucket,WaSOP 1,peristaltic pump,2022-09-09,"Ed7, room 1.10, freezer #300387-118",-80,Bruno Louro,https://orcid.org/0000-0001-8164-581X,,,true,NA,NA,NA,NA,NA,NA,NA,NA,EMOBON_RFormosa_Wa_220909_3um_3
EMO BON RFormosa Wa 220909 3um_4,EMOBON metagenome water sample from station RFormosa collected on 2022-09-09 size fraction 3-200um,https://www.ncbi.nlm.nih.gov/taxonomy/browser/wwwtax.cgi?id=1874687,marine plankton metagenome,metagenome,lagoon [ENVO_00000038];marine water body [ENVO:00001999]; surface water [ENVO:00002042],2022-09-09,RFormosa_Wa_220909,Bruno Louro,https://orcid.org/0000-0001-8164-581X,low_tide,0.2,4,5,fi,3-200,200,3,true,bucket,WaSOP 1,peristaltic pump,2022-09-09,"Ed7, room 1.10, freezer #300387-118",-80,Bruno Louro,https://orcid.org/0000-0001-8164-581X,,,true,NA,NA,NA,NA,NA,NA,NA,NA,EMOBON_RFormosa_Wa_220909_3um_4
EMO BON RFormosa Wa 220909 0.22um_1,EMOBON metagenome water sample from station RFormosa collected on 2022-09-09 size fraction 0.2-3um,https://www.ncbi.nlm.nih.gov/taxonomy/browser/wwwtax.cgi?id=1874687,marine plankton metagenome,metagenome,lagoon [ENVO_00000038];marine water body [ENVO:00001999]; surface water [ENVO:00002042],2022-09-09,RFormosa_Wa_220909,Bruno Louro,https://orcid.org/0000-0001-8164-581X,low_tide,0.2,1,5,fi,0.2-3,3,0.2,true,bucket,WaSOP 1,peristaltic pump,2022-09-09,"Ed7, room 1.10, freezer #300387-118",-80,Bruno Louro,https://orcid.org/0000-0001-8164-581X,,,false,2022-10-17,2022-10-26,-70,2023-06-01,2023-06-01,,,,EMOBON_RFormosa_Wa_220909_0.2um_1
EMO BON RFormosa Wa 220909 0.22um_2,EMOBON metagenome water sample from station RFormosa collected on 2022-09-09 size fraction 0.2-3um,https://www.ncbi.nlm.nih.gov/taxonomy/browser/wwwtax.cgi?id=1874687,marine plankton metagenome,metagenome,lagoon [ENVO_00000038];marine water body [ENVO:00001999]; surface water [ENVO:00002042],2022-09-09,RFormosa_Wa_220909,Bruno Louro,https://orcid.org/0000-0001-8164-581X,low_tide,0.2,2,5,fi,0.2-3,3,0.2,true,bucket,WaSOP 1,peristaltic pump,2022-09-09,"Ed7, room 1.10, freezer #300387-118",-80,Bruno Louro,https://orcid.org/0000-0001-8164-581X,,,false,2022-10-17,2022-10-26,-70,2023-06-01,2023-06-01,,,,EMOBON_RFormosa_Wa_220909_0.2um_2
EMO BON RFormosa Wa 220909 0.22um_3,EMOBON metagenome water sample from station RFormosa collected on 2022-09-09 size fraction 0.2-3um,https://www.ncbi.nlm.nih.gov/taxonomy/browser/wwwtax.cgi?id=1874687,marine plankton metagenome,metagenome,lagoon [ENVO_00000038];marine water body [ENVO:00001999]; surface water [ENVO:00002042],2022-09-09,RFormosa_Wa_220909,Bruno Louro,https://orcid.org/0000-0001-8164-581X,low_tide,0.2,3,5,fi,0.2-3,3,0.2,true,bucket,WaSOP 1,peristaltic pump,2022-09-09,"Ed7, room 1.10, freezer #300387-118",-80,Bruno Louro,https://orcid.org/0000-0001-8164-581X,,,true,NA,NA,NA,NA,NA,NA,NA,NA,EMOBON_RFormosa_Wa_220909_0.2um_3
EMO BON RFormosa Wa 220909 0.22um_4,EMOBON metagenome water sample from station RFormosa collected on 2022-09-09 size fraction 0.2-3um,https://www.ncbi.nlm.nih.gov/taxonomy/browser/wwwtax.cgi?id=1874687,marine plankton metagenome,metagenome,lagoon [ENVO_00000038];marine water body [ENVO:00001999]; surface water [ENVO:00002042],2022-09-09,RFormosa_Wa_220909,Bruno Louro,https://orcid.org/0000-0001-8164-581X,low_tide,0.2,4,5,fi,0.2-3,3,0.2,true,bucket,WaSOP 1,peristaltic pump,2022-09-09,"Ed7, room 1.10, freezer #300387-118",-80,Bruno Louro,https://orcid.org/0000-0001-8164-581X,,,true,NA,NA,NA,NA,NA,NA,NA,NA,EMOBON_RFormosa_Wa_220909_0.2um_4
EMO BON RFormosa Wa 220909 3um_Blank,EMOBON metagenome water sample from station RFormosa collected on 2022-09-09 size fraction 3-200um,https://www.ncbi.nlm.nih.gov/taxonomy/browser/wwwtax.cgi?id=32644,unidentified,metagenome,lagoon [ENVO_00000038];marine water body [ENVO:00001999]; surface water [ENVO:00002042],2022-09-09,RFormosa_Wa_220909,Bruno Louro,https://orcid.org/0000-0001-8164-581X,low_tide,NA,blank,5,fi,3-200,200,3,false,NA,WaSOP 1,peristaltic pump,2022-09-09,"Ed7, room 1.10, freezer #300387-118",-80,Bruno Louro,https://orcid.org/0000-0001-8164-581X,,,true,NA,NA,NA,NA,NA,NA,NA,NA,EMOBON_RFormosa_Wa_220909_3um_blank
EMO BON RFormosa Wa 220909 0.22um_Blank,EMOBON metagenome water sample from station RFormosa collected on 2022-09-09 size fraction 0.2-3um,https://www.ncbi.nlm.nih.gov/taxonomy/browser/wwwtax.cgi?id=32644,unidentified,metagenome,lagoon [ENVO_00000038];marine water body [ENVO:00001999]; surface water [ENVO:00002042],2022-09-09,RFormosa_Wa_220909,Bruno Louro,https://orcid.org/0000-0001-8164-581X,low_tide,NA,blank,5,fi,0.2-3,3,0.2,false,NA,WaSOP 1,peristaltic pump,2022-09-09,"Ed7, room 1.10, freezer #300387-118",-80,Bruno Louro,https://orcid.org/0000-0001-8164-581X,,,true,NA,NA,NA,NA,NA,NA,NA,NA,EMOBON_RFormosa_Wa_220909_0.2um_blank
EMO BON RFormosa Wa 221021 3um_1,EMOBON metagenome water sample from station RFormosa collected on 2022-10-21 size fraction 3-200um,https://www.ncbi.nlm.nih.gov/taxonomy/browser/wwwtax.cgi?id=1874687,marine plankton metagenome,metagenome,lagoon [ENVO_00000038];marine water body [ENVO:00001999]; surface water [ENVO:00002042],2022-10-21,RFormosa_Wa_221021,Bruno Louro,https://orcid.org/0000-0001-8164-581X,low_tide,0.2,1,5,fi,3-200,200,3,true,bucket,WaSOP 1,peristaltic pump,2022-10-21,"Ed7, room 1.10, freezer #300387-118",-80,Bruno Louro,https://orcid.org/0000-0001-8164-581X,,,false,2023-06-19,2023-07-03,-70,,,,,,EMOBON_RFormosa_Wa_221021_3um_1
EMO BON RFormosa Wa 221021 3um_2,EMOBON metagenome water sample from station RFormosa collected on 2022-10-21 size fraction 3-200um,https://www.ncbi.nlm.nih.gov/taxonomy/browser/wwwtax.cgi?id=1874687,marine plankton metagenome,metagenome,lagoon [ENVO_00000038];marine water body [ENVO:00001999]; surface water [ENVO:00002042],2022-10-21,RFormosa_Wa_221021,Bruno Louro,https://orcid.org/0000-0001-8164-581X,low_tide,0.2,2,5,fi,3-200,200,3,true,bucket,WaSOP 1,peristaltic pump,2022-10-21,"Ed7, room 1.10, freezer #300387-118",-80,Bruno Louro,https://orcid.org/0000-0001-8164-581X,,,false,2023-06-19,2023-07-03,-70,,,,,,EMOBON_RFormosa_Wa_221021_3um_2
EMO BON RFormosa Wa 221021 3um_3,EMOBON metagenome water sample from station RFormosa collected on 2022-10-21 size fraction 3-200um,https://www.ncbi.nlm.nih.gov/taxonomy/browser/wwwtax.cgi?id=1874687,marine plankton metagenome,metagenome,lagoon [ENVO_00000038];marine water body [ENVO:00001999]; surface water [ENVO:00002042],2022-10-21,RFormosa_Wa_221021,Bruno Louro,https://orcid.org/0000-0001-8164-581X,low_tide,0.2,3,5,fi,3-200,200,3,true,bucket,WaSOP 1,peristaltic pump,2022-10-21,"Ed7, room 1.10, freezer #300387-118",-80,Bruno Louro,https://orcid.org/0000-0001-8164-581X,,,true,NA,NA,NA,NA,NA,NA,NA,NA,EMOBON_RFormosa_Wa_221021_3um_3
EMO BON RFormosa Wa 221021 3um_4,EMOBON metagenome water sample from station RFormosa collected on 2022-10-21 size fraction 3-200um,https://www.ncbi.nlm.nih.gov/taxonomy/browser/wwwtax.cgi?id=1874687,marine plankton metagenome,metagenome,lagoon [ENVO_00000038];marine water body [ENVO:00001999]; surface water [ENVO:00002042],2022-10-21,RFormosa_Wa_221021,Bruno Louro,https://orcid.org/0000-0001-8164-581X,low_tide,0.2,4,5,fi,3-200,200,3,true,bucket,WaSOP 1,peristaltic pump,2022-10-21,"Ed7, room 1.10, freezer #300387-118",-80,Bruno Louro,https://orcid.org/0000-0001-8164-581X,,,true,NA,NA,NA,NA,NA,NA,NA,NA,EMOBON_RFormosa_Wa_221021_3um_4
EMO BON RFormosa Wa 221021 0.22um_1,EMOBON metagenome water sample from station RFormosa collected on 2022-10-21 size fraction 0.2-3um,https://www.ncbi.nlm.nih.gov/taxonomy/browser/wwwtax.cgi?id=1874687,marine plankton metagenome,metagenome,lagoon [ENVO_00000038];marine water body [ENVO:00001999]; surface water [ENVO:00002042],2022-10-21,RFormosa_Wa_221021,Bruno Louro,https://orcid.org/0000-0001-8164-581X,low_tide,0.2,1,5,fi,0.2-3,3,0.2,true,bucket,WaSOP 1,peristaltic pump,2022-10-21,"Ed7, room 1.10, freezer #300387-118",-80,Bruno Louro,https://orcid.org/0000-0001-8164-581X,,,false,2023-06-19,2023-07-03,-70,,,,,,EMOBON_RFormosa_Wa_221021_0.2um_1
EMO BON RFormosa Wa 221021 0.22um_2,EMOBON metagenome water sample from station RFormosa collected on 2022-10-21 size fraction 0.2-3um,https://www.ncbi.nlm.nih.gov/taxonomy/browser/wwwtax.cgi?id=1874687,marine plankton metagenome,metagenome,lagoon [ENVO_00000038];marine water body [ENVO:00001999]; surface water [ENVO:00002042],2022-10-21,RFormosa_Wa_221021,Bruno Louro,https://orcid.org/0000-0001-8164-581X,low_tide,0.2,2,5,fi,0.2-3,3,0.2,true,bucket,WaSOP 1,peristaltic pump,2022-10-21,"Ed7, room 1.10, freezer #300387-118",-80,Bruno Louro,https://orcid.org/0000-0001-8164-581X,,,false,2023-06-19,2023-07-03,-70,,,,,,EMOBON_RFormosa_Wa_221021_0.2um_2
EMO BON RFormosa Wa 221021 0.22um_3,EMOBON metagenome water sample from station RFormosa collected on 2022-10-21 size fraction 0.2-3um,https://www.ncbi.nlm.nih.gov/taxonomy/browser/wwwtax.cgi?id=1874687,marine plankton metagenome,metagenome,lagoon [ENVO_00000038];marine water body [ENVO:00001999]; surface water [ENVO:00002042],2022-10-21,RFormosa_Wa_221021,Bruno Louro,https://orcid.org/0000-0001-8164-581X,low_tide,0.2,3,5,fi,0.2-3,3,0.2,true,bucket,WaSOP 1,peristaltic pump,2022-10-21,"Ed7, room 1.10, freezer #300387-118",-80,Bruno Louro,https://orcid.org/0000-0001-8164-581X,,,true,NA,NA,NA,NA,NA,NA,NA,NA,EMOBON_RFormosa_Wa_221021_0.2um_3
EMO BON RFormosa Wa 221021 0.22um_4,EMOBON metagenome water sample from station RFormosa collected on 2022-10-21 size fraction 0.2-3um,https://www.ncbi.nlm.nih.gov/taxonomy/browser/wwwtax.cgi?id=1874687,marine plankton metagenome,metagenome,lagoon [ENVO_00000038];marine water body [ENVO:00001999]; surface water [ENVO:00002042],2022-10-21,RFormosa_Wa_221021,Bruno Louro,https://orcid.org/0000-0001-8164-581X,low_tide,0.2,4,5,fi,0.2-3,3,0.2,true,bucket,WaSOP 1,peristaltic pump,2022-10-21,"Ed7, room 1.10, freezer #300387-118",-80,Bruno Louro,https://orcid.org/0000-0001-8164-581X,,,true,NA,NA,NA,NA,NA,NA,NA,NA,EMOBON_RFormosa_Wa_221021_0.2um_4
EMO BON RFormosa Wa 221021 3um_Blank,EMOBON metagenome water sample from station RFormosa collected on 2022-10-21 size fraction 3-200um,https://www.ncbi.nlm.nih.gov/taxonomy/browser/wwwtax.cgi?id=32644,unidentified,metagenome,lagoon [ENVO_00000038];marine water body [ENVO:00001999]; surface water [ENVO:00002042],2022-10-21,RFormosa_Wa_221021,Bruno Louro,https://orcid.org/0000-0001-8164-581X,low_tide,NA,blank,5,fi,3-200,200,3,false,NA,WaSOP 1,peristaltic pump,2022-10-21,"Ed7, room 1.10, freezer #300387-118",-80,Bruno Louro,https://orcid.org/0000-0001-8164-581X,,,true,NA,NA,NA,NA,NA,NA,NA,NA,EMOBON_RFormosa_Wa_221021_3um_blank
EMO BON RFormosa Wa 221021 0.22um_Blank,EMOBON metagenome water sample from station RFormosa collected on 2022-10-21 size fraction 0.2-3um,https://www.ncbi.nlm.nih.gov/taxonomy/browser/wwwtax.cgi?id=32644,unidentified,metagenome,lagoon [ENVO_00000038];marine water body [ENVO:00001999]; surface water [ENVO:00002042],2022-10-21,RFormosa_Wa_221021,Bruno Louro,https://orcid.org/0000-0001-8164-581X,low_tide,NA,blank,5,fi,0.2-3,3,0.2,false,NA,WaSOP 1,peristaltic pump,2022-10-21,"Ed7, room 1.10, freezer #300387-118",-80,Bruno Louro,https://orcid.org/0000-0001-8164-581X,,,true,NA,NA,NA,NA,NA,NA,NA,NA,EMOBON_RFormosa_Wa_221021_0.2um_blank
EMO BON RFormosa Wa 221216 3um_1,EMOBON metagenome water sample from station RFormosa collected on 2022-12-16 size fraction 3-200um,https://www.ncbi.nlm.nih.gov/taxonomy/browser/wwwtax.cgi?id=1874687,marine plankton metagenome,metagenome,lagoon [ENVO_00000038];marine water body [ENVO:00001999]; surface water [ENVO:00002042],2022-12-16,RFormosa_Wa_221216,Bruno Louro,https://orcid.org/0000-0001-8164-581X,low_tide,0.2,1,5,fi,3-200,200,3,true,bucket,WaSOP 1,peristaltic pump,2022-12-16,"Ed7, room 1.10, freezer #300387-118",-80,Bruno Louro,https://orcid.org/0000-0001-8164-581X,,,false,2023-06-19,2023-07-03,-70,,,,,,EMOBON_RFormosa_Wa_221216_3um_1
EMO BON RFormosa Wa 221216 3um_2,EMOBON metagenome water sample from station RFormosa collected on 2022-12-16 size fraction 3-200um,https://www.ncbi.nlm.nih.gov/taxonomy/browser/wwwtax.cgi?id=1874687,marine plankton metagenome,metagenome,lagoon [ENVO_00000038];marine water body [ENVO:00001999]; surface water [ENVO:00002042],2022-12-16,RFormosa_Wa_221216,Bruno Louro,https://orcid.org/0000-0001-8164-581X,low_tide,0.2,2,5,fi,3-200,200,3,true,bucket,WaSOP 1,peristaltic pump,2022-12-16,"Ed7, room 1.10, freezer #300387-118",-80,Bruno Louro,https://orcid.org/0000-0001-8164-581X,,,false,2023-06-19,2023-07-03,-70,,,,,,EMOBON_RFormosa_Wa_221216_3um_2
EMO BON RFormosa Wa 221216 3um_3,EMOBON metagenome water sample from station RFormosa collected on 2022-12-16 size fraction 3-200um,https://www.ncbi.nlm.nih.gov/taxonomy/browser/wwwtax.cgi?id=1874687,marine plankton metagenome,metagenome,lagoon [ENVO_00000038];marine water body [ENVO:00001999]; surface water [ENVO:00002042],2022-12-16,RFormosa_Wa_221216,Bruno Louro,https://orcid.org/0000-0001-8164-581X,low_tide,0.2,3,5,fi,3-200,200,3,true,bucket,WaSOP 1,peristaltic pump,2022-12-16,"Ed7, room 1.10, freezer #300387-118",-80,Bruno Louro,https://orcid.org/0000-0001-8164-581X,,,true,NA,NA,NA,NA,NA,NA,NA,NA,EMOBON_RFormosa_Wa_221216_3um_3
EMO BON RFormosa Wa 221216 3um_4,EMOBON metagenome water sample from station RFormosa collected on 2022-12-16 size fraction 3-200um,https://www.ncbi.nlm.nih.gov/taxonomy/browser/wwwtax.cgi?id=1874687,marine plankton metagenome,metagenome,lagoon [ENVO_00000038];marine water body [ENVO:00001999]; surface water [ENVO:00002042],2022-12-16,RFormosa_Wa_221216,Bruno Louro,https://orcid.org/0000-0001-8164-581X,low_tide,0.2,4,5,fi,3-200,200,3,true,bucket,WaSOP 1,peristaltic pump,2022-12-16,"Ed7, room 1.10, freezer #300387-118",-80,Bruno Louro,https://orcid.org/0000-0001-8164-581X,,,true,NA,NA,NA,NA,NA,NA,NA,NA,EMOBON_RFormosa_Wa_221216_3um_4
EMO BON RFormosa Wa 221216 0.22um_1,EMOBON metagenome water sample from station RFormosa collected on 2022-12-16 size fraction 0.2-3um,https://www.ncbi.nlm.nih.gov/taxonomy/browser/wwwtax.cgi?id=1874687,marine plankton metagenome,metagenome,lagoon [ENVO_00000038];marine water body [ENVO:00001999]; surface water [ENVO:00002042],2022-12-16,RFormosa_Wa_221216,Bruno Louro,https://orcid.org/0000-0001-8164-581X,low_tide,0.2,1,5,fi,0.2-3,3,0.2,true,bucket,WaSOP 1,peristaltic pump,2022-12-16,"Ed7, room 1.10, freezer #300387-118",-80,Bruno Louro,https://orcid.org/0000-0001-8164-581X,,,false,2023-06-19,2023-07-03,-70,,,,,,EMOBON_RFormosa_Wa_221216_0.2um_1
EMO BON RFormosa Wa 221216 0.22um_2,EMOBON metagenome water sample from station RFormosa collected on 2022-12-16 size fraction 0.2-3um,https://www.ncbi.nlm.nih.gov/taxonomy/browser/wwwtax.cgi?id=1874687,marine plankton metagenome,metagenome,lagoon [ENVO_00000038];marine water body [ENVO:00001999]; surface water [ENVO:00002042],2022-12-16,RFormosa_Wa_221216,Bruno Louro,https://orcid.org/0000-0001-8164-581X,low_tide,0.2,2,5,fi,0.2-3,3,0.2,true,bucket,WaSOP 1,peristaltic pump,2022-12-16,"Ed7, room 1.10, freezer #300387-118",-80,Bruno Louro,https://orcid.org/0000-0001-8164-581X,,,false,2023-06-19,2023-07-03,-70,,,,,,EMOBON_RFormosa_Wa_221216_0.2um_2
EMO BON RFormosa Wa 221216 0.22um_3,EMOBON metagenome water sample from station RFormosa collected on 2022-12-16 size fraction 0.2-3um,https://www.ncbi.nlm.nih.gov/taxonomy/browser/wwwtax.cgi?id=1874687,marine plankton metagenome,metagenome,lagoon [ENVO_00000038];marine water body [ENVO:00001999]; surface water [ENVO:00002042],2022-12-16,RFormosa_Wa_221216,Bruno Louro,https://orcid.org/0000-0001-8164-581X,low_tide,0.2,3,5,fi,0.2-3,3,0.2,true,bucket,WaSOP 1,peristaltic pump,2022-12-16,"Ed7, room 1.10, freezer #300387-118",-80,Bruno Louro,https://orcid.org/0000-0001-8164-581X,,,true,NA,NA,NA,NA,NA,NA,NA,NA,EMOBON_RFormosa_Wa_221216_0.2um_3
EMO BON RFormosa Wa 221216 0.22um_4,EMOBON metagenome water sample from station RFormosa collected on 2022-12-16 size fraction 0.2-3um,https://www.ncbi.nlm.nih.gov/taxonomy/browser/wwwtax.cgi?id=1874687,marine plankton metagenome,metagenome,lagoon [ENVO_00000038];marine water body [ENVO:00001999]; surface water [ENVO:00002042],2022-12-16,RFormosa_Wa_221216,Bruno Louro,https://orcid.org/0000-0001-8164-581X,low_tide,0.2,4,5,fi,0.2-3,3,0.2,true,bucket,WaSOP 1,peristaltic pump,2022-12-16,"Ed7, room 1.10, freezer #300387-118",-80,Bruno Louro,https://orcid.org/0000-0001-8164-581X,,,true,NA,NA,NA,NA,NA,NA,NA,NA,EMOBON_RFormosa_Wa_221216_0.2um_4
EMO BON RFormosa Wa 221216 3um_Blank,EMOBON metagenome water sample from station RFormosa collected on 2022-12-16 size fraction 3-200um,https://www.ncbi.nlm.nih.gov/taxonomy/browser/wwwtax.cgi?id=32644,unidentified,metagenome,lagoon [ENVO_00000038];marine water body [ENVO:00001999]; surface water [ENVO:00002042],2022-12-16,RFormosa_Wa_221216,Bruno Louro,https://orcid.org/0000-0001-8164-581X,low_tide,NA,blank,5,fi,3-200,200,3,false,NA,WaSOP 1,peristaltic pump,2022-12-16,"Ed7, room 1.10, freezer #300387-118",-80,Bruno Louro,https://orcid.org/0000-0001-8164-581X,,,true,NA,NA,NA,NA,NA,NA,NA,NA,EMOBON_RFormosa_Wa_221216_3um_blank
EMO BON RFormosa Wa 221216 0.22um_Blank,EMOBON metagenome water sample from station RFormosa collected on 2022-12-16 size fraction 0.2-3um,https://www.ncbi.nlm.nih.gov/taxonomy/browser/wwwtax.cgi?id=32644,unidentified,metagenome,lagoon [ENVO_00000038];marine water body [ENVO:00001999]; surface water [ENVO:00002042],2022-12-16,RFormosa_Wa_221216,Bruno Louro,https://orcid.org/0000-0001-8164-581X,low_tide,NA,blank,5,fi,0.2-3,3,0.2,false,NA,WaSOP 1,peristaltic pump,2022-12-16,"Ed7, room 1.10, freezer #300387-118",-80,Bruno Louro,https://orcid.org/0000-0001-8164-581X,,,true,NA,NA,NA,NA,NA,NA,NA,NA,EMOBON_RFormosa_Wa_221216_0.2um_blank
EMO BON RFormosa Wa 230420 3um_1,EMOBON metagenome water sample from station RFormosa collected on 2023-04-20 size fraction 3-200um,https://www.ncbi.nlm.nih.gov/taxonomy/browser/wwwtax.cgi?id=1874687,marine plankton metagenome,metagenome,lagoon [ENVO_00000038];marine water body [ENVO:00001999]; surface water [ENVO:00002042],2023-04-20,RFormosa_Wa_230420,Bruno Louro,https://orcid.org/0000-0001-8164-581X,low_tide,0.2,1,5,fi,3-200,200,3,true,bucket,WaSOP 1,peristaltic pump,2023-04-20,"Ed7, room 1.10, freezer #300387-118",-80,Bruno Louro,https://orcid.org/0000-0001-8164-581X,,,false,2023-06-19,2023-07-03,-70,,,,,,EMOBON_RFormosa_Wa_230420_3um_1
EMO BON RFormosa Wa 230420 3um_2,EMOBON metagenome water sample from station RFormosa collected on 2023-04-20 size fraction 3-200um,https://www.ncbi.nlm.nih.gov/taxonomy/browser/wwwtax.cgi?id=1874687,marine plankton metagenome,metagenome,lagoon [ENVO_00000038];marine water body [ENVO:00001999]; surface water [ENVO:00002042],2023-04-20,RFormosa_Wa_230420,Bruno Louro,https://orcid.org/0000-0001-8164-581X,low_tide,0.2,2,5,fi,3-200,200,3,true,bucket,WaSOP 1,peristaltic pump,2023-04-20,"Ed7, room 1.10, freezer #300387-118",-80,Bruno Louro,https://orcid.org/0000-0001-8164-581X,,,false,2023-06-19,2023-07-03,-70,,,,,,EMOBON_RFormosa_Wa_230420_3um_2
EMO BON RFormosa Wa 230420 3um_3,EMOBON metagenome water sample from station RFormosa collected on 2023-04-20 size fraction 3-200um,https://www.ncbi.nlm.nih.gov/taxonomy/browser/wwwtax.cgi?id=1874687,marine plankton metagenome,metagenome,lagoon [ENVO_00000038];marine water body [ENVO:00001999]; surface water [ENVO:00002042],2023-04-20,RFormosa_Wa_230420,Bruno Louro,https://orcid.org/0000-0001-8164-581X,low_tide,0.2,3,5,fi,3-200,200,3,true,bucket,WaSOP 1,peristaltic pump,2023-04-20,"Ed7, room 1.10, freezer #300387-118",-80,Bruno Louro,https://orcid.org/0000-0001-8164-581X,,,true,NA,NA,NA,NA,NA,NA,NA,NA,EMOBON_RFormosa_Wa_230420_3um_3
EMO BON RFormosa Wa 230420 3um_4,EMOBON metagenome water sample from station RFormosa collected on 2023-04-20 size fraction 3-200um,https://www.ncbi.nlm.nih.gov/taxonomy/browser/wwwtax.cgi?id=1874687,marine plankton metagenome,metagenome,lagoon [ENVO_00000038];marine water body [ENVO:00001999]; surface water [ENVO:00002042],2023-04-20,RFormosa_Wa_230420,Bruno Louro,https://orcid.org/0000-0001-8164-581X,low_tide,0.2,4,5,fi,3-200,200,3,true,bucket,WaSOP 1,peristaltic pump,2023-04-20,"Ed7, room 1.10, freezer #300387-118",-80,Bruno Louro,https://orcid.org/0000-0001-8164-581X,,,true,NA,NA,NA,NA,NA,NA,NA,NA,EMOBON_RFormosa_Wa_230420_3um_4
EMO BON RFormosa Wa 230420 0.22um_1,EMOBON metagenome water sample from station RFormosa collected on 2023-04-20 size fraction 0.2-3um,https://www.ncbi.nlm.nih.gov/taxonomy/browser/wwwtax.cgi?id=1874687,marine plankton metagenome,metagenome,lagoon [ENVO_00000038];marine water body [ENVO:00001999]; surface water [ENVO:00002042],2023-04-20,RFormosa_Wa_230420,Bruno Louro,https://orcid.org/0000-0001-8164-581X,low_tide,0.2,1,5,fi,0.2-3,3,0.2,true,bucket,WaSOP 1,peristaltic pump,2023-04-20,"Ed7, room 1.10, freezer #300387-118",-80,Bruno Louro,https://orcid.org/0000-0001-8164-581X,,,false,2023-06-19,2023-07-03,-70,,,,,,EMOBON_RFormosa_Wa_230420_0.2um_1
EMO BON RFormosa Wa 230420 0.22um_2,EMOBON metagenome water sample from station RFormosa collected on 2023-04-20 size fraction 0.2-3um,https://www.ncbi.nlm.nih.gov/taxonomy/browser/wwwtax.cgi?id=1874687,marine plankton metagenome,metagenome,lagoon [ENVO_00000038];marine water body [ENVO:00001999]; surface water [ENVO:00002042],2023-04-20,RFormosa_Wa_230420,Bruno Louro,https://orcid.org/0000-0001-8164-581X,low_tide,0.2,2,5,fi,0.2-3,3,0.2,true,bucket,WaSOP 1,peristaltic pump,2023-04-20,"Ed7, room 1.10, freezer #300387-118",-80,Bruno Louro,https://orcid.org/0000-0001-8164-581X,,,false,2023-06-19,2023-07-03,-70,,,,,,EMOBON_RFormosa_Wa_230420_0.2um_2
EMO BON RFormosa Wa 230420 0.22um_3,EMOBON metagenome water sample from station RFormosa collected on 2023-04-20 size fraction 0.2-3um,https://www.ncbi.nlm.nih.gov/taxonomy/browser/wwwtax.cgi?id=1874687,marine plankton metagenome,metagenome,lagoon [ENVO_00000038];marine water body [ENVO:00001999]; surface water [ENVO:00002042],2023-04-20,RFormosa_Wa_230420,Bruno Louro,https://orcid.org/0000-0001-8164-581X,low_tide,0.2,3,5,fi,0.2-3,3,0.2,true,bucket,WaSOP 1,peristaltic pump,2023-04-20,"Ed7, room 1.10, freezer #300387-118",-80,Bruno Louro,https://orcid.org/0000-0001-8164-581X,,,true,NA,NA,NA,NA,NA,NA,NA,NA,EMOBON_RFormosa_Wa_230420_0.2um_3
EMO BON RFormosa Wa 230420 0.22um_4,EMOBON metagenome water sample from station RFormosa collected on 2023-04-20 size fraction 0.2-3um,https://www.ncbi.nlm.nih.gov/taxonomy/browser/wwwtax.cgi?id=1874687,marine plankton metagenome,metagenome,lagoon [ENVO_00000038];marine water body [ENVO:00001999]; surface water [ENVO:00002042],2023-04-20,RFormosa_Wa_230420,Bruno Louro,https://orcid.org/0000-0001-8164-581X,low_tide,0.2,4,5,fi,0.2-3,3,0.2,true,bucket,WaSOP 1,peristaltic pump,2023-04-20,"Ed7, room 1.10, freezer #300387-118",-80,Bruno Louro,https://orcid.org/0000-0001-8164-581X,,,true,NA,NA,NA,NA,NA,NA,NA,NA,EMOBON_RFormosa_Wa_230420_0.2um_4
EMO BON RFormosa Wa 230420 3um_Blank,EMOBON metagenome water sample from station RFormosa collected on 2023-04-20 size fraction 3-200um,https://www.ncbi.nlm.nih.gov/taxonomy/browser/wwwtax.cgi?id=32644,unidentified,metagenome,lagoon [ENVO_00000038];marine water body [ENVO:00001999]; surface water [ENVO:00002042],2023-04-20,RFormosa_Wa_230420,Bruno Louro,https://orcid.org/0000-0001-8164-581X,low_tide,NA,blank,5,fi,3-200,200,3,false,NA,WaSOP 1,peristaltic pump,2023-04-20,"Ed7, room 1.10, freezer #300387-118",-80,Bruno Louro,https://orcid.org/0000-0001-8164-581X,,,true,NA,NA,NA,NA,NA,NA,NA,NA,EMOBON_RFormosa_Wa_230420_3um_blank
EMO BON RFormosa Wa 230420 0.22um_Blank,EMOBON metagenome water sample from station RFormosa collected on 2023-04-20 size fraction 0.2-3um,https://www.ncbi.nlm.nih.gov/taxonomy/browser/wwwtax.cgi?id=32644,unidentified,metagenome,lagoon [ENVO_00000038];marine water body [ENVO:00001999]; surface water [ENVO:00002042],2023-04-20,RFormosa_Wa_230420,Bruno Louro,https://orcid.org/0000-0001-8164-581X,low_tide,NA,blank,5,fi,0.2-3,3,0.2,false,NA,WaSOP 1,peristaltic pump,2023-04-20,"Ed7, room 1.10, freezer #300387-118",-80,Bruno Louro,https://orcid.org/0000-0001-8164-581X,,,true,NA,NA,NA,NA,NA,NA,NA,NA,EMOBON_RFormosa_Wa_230420_0.2um_blank
EMO BON RFormosa Wa 230703 3um_1,EMOBON metagenome water sample from station RFormosa collected on 2023-07-03 size fraction 3-200um,https://www.ncbi.nlm.nih.gov/taxonomy/browser/wwwtax.cgi?id=1874687,marine plankton metagenome,metagenome,lagoon [ENVO_00000038];marine water body [ENVO:00001999]; surface water [ENVO:00002042],2023-07-03,RFormosa_Wa_230703,Bruno Louro,https://orcid.org/0000-0001-8164-581X,low_tide,0.2,1,5,fi,3-200,200,3,true,bucket,WaSOP 1,peristaltic pump,2023-07-03,"Ed7, room 1.10, freezer #300387-118",-80,Bruno Louro,https://orcid.org/0000-0001-8164-581X,,,true,2023-09-11,2023-10-05,-70,,,,,,EMOBON_RFormosa_Wa_230703_3um_1
EMO BON RFormosa Wa 230703 3um_2,EMOBON metagenome water sample from station RFormosa collected on 2023-07-03 size fraction 3-200um,https://www.ncbi.nlm.nih.gov/taxonomy/browser/wwwtax.cgi?id=1874687,marine plankton metagenome,metagenome,lagoon [ENVO_00000038];marine water body [ENVO:00001999]; surface water [ENVO:00002042],2023-07-03,RFormosa_Wa_230703,Bruno Louro,https://orcid.org/0000-0001-8164-581X,low_tide,0.2,2,5,fi,3-200,200,3,true,bucket,WaSOP 1,peristaltic pump,2023-07-03,"Ed7, room 1.10, freezer #300387-118",-80,Bruno Louro,https://orcid.org/0000-0001-8164-581X,,,true,2023-09-11,2023-10-05,-70,,,,,,EMOBON_RFormosa_Wa_230703_3um_2
EMO BON RFormosa Wa 230703 3um_3,EMOBON metagenome water sample from station RFormosa collected on 2023-07-03 size fraction 3-200um,https://www.ncbi.nlm.nih.gov/taxonomy/browser/wwwtax.cgi?id=1874687,marine plankton metagenome,metagenome,lagoon [ENVO_00000038];marine water body [ENVO:00001999]; surface water [ENVO:00002042],2023-07-03,RFormosa_Wa_230703,Bruno Louro,https://orcid.org/0000-0001-8164-581X,low_tide,0.2,3,5,fi,3-200,200,3,true,bucket,WaSOP 1,peristaltic pump,2023-07-03,"Ed7, room 1.10, freezer #300387-118",-80,Bruno Louro,https://orcid.org/0000-0001-8164-581X,,,true,NA,NA,NA,NA,NA,NA,NA,NA,EMOBON_RFormosa_Wa_230703_3um_3
EMO BON RFormosa Wa 230703 3um_4,EMOBON metagenome water sample from station RFormosa collected on 2023-07-03 size fraction 3-200um,https://www.ncbi.nlm.nih.gov/taxonomy/browser/wwwtax.cgi?id=1874687,marine plankton metagenome,metagenome,lagoon [ENVO_00000038];marine water body [ENVO:00001999]; surface water [ENVO:00002042],2023-07-03,RFormosa_Wa_230703,Bruno Louro,https://orcid.org/0000-0001-8164-581X,low_tide,0.2,4,5,fi,3-200,200,3,true,bucket,WaSOP 1,peristaltic pump,2023-07-03,"Ed7, room 1.10, freezer #300387-118",-80,Bruno Louro,https://orcid.org/0000-0001-8164-581X,,,true,NA,NA,NA,NA,NA,NA,NA,NA,EMOBON_RFormosa_Wa_230703_3um_4
EMO BON RFormosa Wa 230703 0.22um_1,EMOBON metagenome water sample from station RFormosa collected on 2023-07-03 size fraction 0.2-3um,https://www.ncbi.nlm.nih.gov/taxonomy/browser/wwwtax.cgi?id=1874687,marine plankton metagenome,metagenome,lagoon [ENVO_00000038];marine water body [ENVO:00001999]; surface water [ENVO:00002042],2023-07-03,RFormosa_Wa_230703,Bruno Louro,https://orcid.org/0000-0001-8164-581X,low_tide,0.2,1,5,fi,0.2-3,3,0.2,true,bucket,WaSOP 1,peristaltic pump,2023-07-03,"Ed7, room 1.10, freezer #300387-118",-80,Bruno Louro,https://orcid.org/0000-0001-8164-581X,,,true,2023-09-11,2023-10-05,-70,,,,,,EMOBON_RFormosa_Wa_230703_0.2um_1
EMO BON RFormosa Wa 230703 0.22um_2,EMOBON metagenome water sample from station RFormosa collected on 2023-07-03 size fraction 0.2-3um,https://www.ncbi.nlm.nih.gov/taxonomy/browser/wwwtax.cgi?id=1874687,marine plankton metagenome,metagenome,lagoon [ENVO_00000038];marine water body [ENVO:00001999]; surface water [ENVO:00002042],2023-07-03,RFormosa_Wa_230703,Bruno Louro,https://orcid.org/0000-0001-8164-581X,low_tide,0.2,2,5,fi,0.2-3,3,0.2,true,bucket,WaSOP 1,peristaltic pump,2023-07-03,"Ed7, room 1.10, freezer #300387-118",-80,Bruno Louro,https://orcid.org/0000-0001-8164-581X,,,true,2023-09-11,2023-10-05,-70,,,,,,EMOBON_RFormosa_Wa_230703_0.2um_2
EMO BON RFormosa Wa 230703 0.22um_3,EMOBON metagenome water sample from station RFormosa collected on 2023-07-03 size fraction 0.2-3um,https://www.ncbi.nlm.nih.gov/taxonomy/browser/wwwtax.cgi?id=1874687,marine plankton metagenome,metagenome,lagoon [ENVO_00000038];marine water body [ENVO:00001999]; surface water [ENVO:00002042],2023-07-03,RFormosa_Wa_230703,Bruno Louro,https://orcid.org/0000-0001-8164-581X,low_tide,0.2,3,5,fi,0.2-3,3,0.2,true,bucket,WaSOP 1,peristaltic pump,2023-07-03,"Ed7, room 1.10, freezer #300387-118",-80,Bruno Louro,https://orcid.org/0000-0001-8164-581X,,,true,NA,NA,NA,NA,NA,NA,NA,NA,EMOBON_RFormosa_Wa_230703_0.2um_3
EMO BON RFormosa Wa 230703 0.22um_4,EMOBON metagenome water sample from station RFormosa collected on 2023-07-03 size fraction 0.2-3um,https://www.ncbi.nlm.nih.gov/taxonomy/browser/wwwtax.cgi?id=1874687,marine plankton metagenome,metagenome,lagoon [ENVO_00000038];marine water body [ENVO:00001999]; surface water [ENVO:00002042],2023-07-03,RFormosa_Wa_230703,Bruno Louro,https://orcid.org/0000-0001-8164-581X,low_tide,0.2,4,5,fi,0.2-3,3,0.2,true,bucket,WaSOP 1,peristaltic pump,2023-07-03,"Ed7, room 1.10, freezer #300387-118",-80,Bruno Louro,https://orcid.org/0000-0001-8164-581X,,,true,NA,NA,NA,NA,NA,NA,NA,NA,EMOBON_RFormosa_Wa_230703_0.2um_4
EMO BON RFormosa Wa 230703 3um_Blank,EMOBON metagenome water sample from station RFormosa collected on 2023-07-03 size fraction 3-200um,https://www.ncbi.nlm.nih.gov/taxonomy/browser/wwwtax.cgi?id=32644,unidentified,metagenome,lagoon [ENVO_00000038];marine water body [ENVO:00001999]; surface water [ENVO:00002042],2023-07-03,RFormosa_Wa_230703,Bruno Louro,https://orcid.org/0000-0001-8164-581X,low_tide,NA,blank,5,fi,3-200,200,3,false,NA,WaSOP 1,peristaltic pump,2023-07-03,"Ed7, room 1.10, freezer #300387-118",-80,Bruno Louro,https://orcid.org/0000-0001-8164-581X,,,true,NA,NA,NA,NA,NA,NA,NA,NA,EMOBON_RFormosa_Wa_230703_3um_blank
EMO BON RFormosa Wa 230703 0.22um_Blank,EMOBON metagenome water sample from station RFormosa collected on 2023-07-03 size fraction 0.2-3um,https://www.ncbi.nlm.nih.gov/taxonomy/browser/wwwtax.cgi?id=32644,unidentified,metagenome,lagoon [ENVO_00000038];marine water body [ENVO:00001999]; surface water [ENVO:00002042],2023-07-03,RFormosa_Wa_230703,Bruno Louro,https://orcid.org/0000-0001-8164-581X,low_tide,NA,blank,5,fi,0.2-3,3,0.2,false,NA,WaSOP 1,peristaltic pump,2023-07-03,"Ed7, room 1.10, freezer #300387-118",-80,Bruno Louro,https://orcid.org/0000-0001-8164-581X,,,true,NA,NA,NA,NA,NA,NA,NA,NA,EMOBON_RFormosa_Wa_230703_0.2um_blank
EMO BON RFormosa Wa 230906 3um_1,EMOBON metagenome water sample from station RFormosa collected on 2023-09-06 size fraction 3-200um,https://www.ncbi.nlm.nih.gov/taxonomy/browser/wwwtax.cgi?id=1874687,marine plankton metagenome,metagenome,lagoon [ENVO_00000038];marine water body [ENVO:00001999]; surface water [ENVO:00002042],2023-09-06,RFormosa_Wa_230906,Bruno Louro,https://orcid.org/0000-0001-8164-581X,low_tide,0.2,1,5,fi,3-200,200,3,true,bucket,WaSOP 1,peristaltic pump,2023-09-06,"Ed7, room 1.10, freezer #300387-118",-80,Bruno Louro,https://orcid.org/0000-0001-8164-581X,,,true,2023-09-11,2023-10-05,-70,,,,,,EMOBON_RFormosa_Wa_230906_3um_1
EMO BON RFormosa Wa 230906 3um_2,EMOBON metagenome water sample from station RFormosa collected on 2023-09-06 size fraction 3-200um,https://www.ncbi.nlm.nih.gov/taxonomy/browser/wwwtax.cgi?id=1874687,marine plankton metagenome,metagenome,lagoon [ENVO_00000038];marine water body [ENVO:00001999]; surface water [ENVO:00002042],2023-09-06,RFormosa_Wa_230906,Bruno Louro,https://orcid.org/0000-0001-8164-581X,low_tide,0.2,2,5,fi,3-200,200,3,true,bucket,WaSOP 1,peristaltic pump,2023-09-06,"Ed7, room 1.10, freezer #300387-118",-80,Bruno Louro,https://orcid.org/0000-0001-8164-581X,,,true,2023-09-11,2023-10-05,-70,,,,,,EMOBON_RFormosa_Wa_230906_3um_2
EMO BON RFormosa Wa 230906 3um_3,EMOBON metagenome water sample from station RFormosa collected on 2023-09-06 size fraction 3-200um,https://www.ncbi.nlm.nih.gov/taxonomy/browser/wwwtax.cgi?id=1874687,marine plankton metagenome,metagenome,lagoon [ENVO_00000038];marine water body [ENVO:00001999]; surface water [ENVO:00002042],2023-09-06,RFormosa_Wa_230906,Bruno Louro,https://orcid.org/0000-0001-8164-581X,low_tide,0.2,3,5,fi,3-200,200,3,true,bucket,WaSOP 1,peristaltic pump,2023-09-06,"Ed7, room 1.10, freezer #300387-118",-80,Bruno Louro,https://orcid.org/0000-0001-8164-581X,,,true,NA,NA,NA,NA,NA,NA,NA,NA,EMOBON_RFormosa_Wa_230906_3um_3
EMO BON RFormosa Wa 230906 3um_4,EMOBON metagenome water sample from station RFormosa collected on 2023-09-06 size fraction 3-200um,https://www.ncbi.nlm.nih.gov/taxonomy/browser/wwwtax.cgi?id=1874687,marine plankton metagenome,metagenome,lagoon [ENVO_00000038];marine water body [ENVO:00001999]; surface water [ENVO:00002042],2023-09-06,RFormosa_Wa_230906,Bruno Louro,https://orcid.org/0000-0001-8164-581X,low_tide,0.2,4,5,fi,3-200,200,3,true,bucket,WaSOP 1,peristaltic pump,2023-09-06,"Ed7, room 1.10, freezer #300387-118",-80,Bruno Louro,https://orcid.org/0000-0001-8164-581X,,,true,NA,NA,NA,NA,NA,NA,NA,NA,EMOBON_RFormosa_Wa_230906_3um_4
EMO BON RFormosa Wa 230906 0.22um_1,EMOBON metagenome water sample from station RFormosa collected on 2023-09-06 size fraction 0.2-3um,https://www.ncbi.nlm.nih.gov/taxonomy/browser/wwwtax.cgi?id=1874687,marine plankton metagenome,metagenome,lagoon [ENVO_00000038];marine water body [ENVO:00001999]; surface water [ENVO:00002042],2023-09-06,RFormosa_Wa_230906,Bruno Louro,https://orcid.org/0000-0001-8164-581X,low_tide,0.2,1,5,fi,0.2-3,3,0.2,true,bucket,WaSOP 1,peristaltic pump,2023-09-06,"Ed7, room 1.10, freezer #300387-118",-80,Bruno Louro,https://orcid.org/0000-0001-8164-581X,,,true,2023-09-11,2023-10-05,-70,,,,,,EMOBON_RFormosa_Wa_230906_0.2um_1
EMO BON RFormosa Wa 230906 0.22um_2,EMOBON metagenome water sample from station RFormosa collected on 2023-09-06 size fraction 0.2-3um,https://www.ncbi.nlm.nih.gov/taxonomy/browser/wwwtax.cgi?id=1874687,marine plankton metagenome,metagenome,lagoon [ENVO_00000038];marine water body [ENVO:00001999]; surface water [ENVO:00002042],2023-09-06,RFormosa_Wa_230906,Bruno Louro,https://orcid.org/0000-0001-8164-581X,low_tide,0.2,2,5,fi,0.2-3,3,0.2,true,bucket,WaSOP 1,peristaltic pump,2023-09-06,"Ed7, room 1.10, freezer #300387-118",-80,Bruno Louro,https://orcid.org/0000-0001-8164-581X,,,true,2023-09-11,2023-10-05,-70,,,,,,EMOBON_RFormosa_Wa_230906_0.2um_2
EMO BON RFormosa Wa 230906 0.22um_3,EMOBON metagenome water sample from station RFormosa collected on 2023-09-06 size fraction 0.2-3um,https://www.ncbi.nlm.nih.gov/taxonomy/browser/wwwtax.cgi?id=1874687,marine plankton metagenome,metagenome,lagoon [ENVO_00000038];marine water body [ENVO:00001999]; surface water [ENVO:00002042],2023-09-06,RFormosa_Wa_230906,Bruno Louro,https://orcid.org/0000-0001-8164-581X,low_tide,0.2,3,5,fi,0.2-3,3,0.2,true,bucket,WaSOP 1,peristaltic pump,2023-09-06,"Ed7, room 1.10, freezer #300387-118",-80,Bruno Louro,https://orcid.org/0000-0001-8164-581X,,,true,NA,NA,NA,NA,NA,NA,NA,NA,EMOBON_RFormosa_Wa_230906_0.2um_3
EMO BON RFormosa Wa 230906 0.22um_4,EMOBON metagenome water sample from station RFormosa collected on 2023-09-06 size fraction 0.2-3um,https://www.ncbi.nlm.nih.gov/taxonomy/browser/wwwtax.cgi?id=1874687,marine plankton metagenome,metagenome,lagoon [ENVO_00000038];marine water body [ENVO:00001999]; surface water [ENVO:00002042],2023-09-06,RFormosa_Wa_230906,Bruno Louro,https://orcid.org/0000-0001-8164-581X,low_tide,0.2,4,5,fi,0.2-3,3,0.2,true,bucket,WaSOP 1,peristaltic pump,2023-09-06,"Ed7, room 1.10, freezer #300387-118",-80,Bruno Louro,https://orcid.org/0000-0001-8164-581X,,,true,NA,NA,NA,NA,NA,NA,NA,NA,EMOBON_RFormosa_Wa_230906_0.2um_4
EMO BON RFormosa Wa 230906 3um_Blank,EMOBON metagenome water sample from station RFormosa collected on 2023-09-06 size fraction 3-200um,https://www.ncbi.nlm.nih.gov/taxonomy/browser/wwwtax.cgi?id=32644,unidentified,metagenome,lagoon [ENVO_00000038];marine water body [ENVO:00001999]; surface water [ENVO:00002042],2023-09-06,RFormosa_Wa_230906,Bruno Louro,https://orcid.org/0000-0001-8164-581X,low_tide,NA,blank,5,fi,3-200,200,3,false,NA,WaSOP 1,peristaltic pump,2023-09-06,"Ed7, room 1.10, freezer #300387-118",-80,Bruno Louro,https://orcid.org/0000-0001-8164-581X,,,true,NA,NA,NA,NA,NA,NA,NA,NA,EMOBON_RFormosa_Wa_230906_3um_blank
EMO BON RFormosa Wa 230906 0.22um_Blank,EMOBON metagenome water sample from station RFormosa collected on 2023-09-06 size fraction 0.2-3um,https://www.ncbi.nlm.nih.gov/taxonomy/browser/wwwtax.cgi?id=32644,unidentified,metagenome,lagoon [ENVO_00000038];marine water body [ENVO:00001999]; surface water [ENVO:00002042],2023-09-06,RFormosa_Wa_230906,Bruno Louro,https://orcid.org/0000-0001-8164-581X,low_tide,NA,blank,5,fi,0.2-3,3,0.2,false,NA,WaSOP 1,peristaltic pump,2023-09-06,"Ed7, room 1.10, freezer #300387-118",-80,Bruno Louro,https://orcid.org/0000-0001-8164-581X,,,true,NA,NA,NA,NA,NA,NA,NA,NA,EMOBON_RFormosa_Wa_230906_0.2um_blank
EMO BON RFormosa Wa 231024 3um_1,EMOBON metagenome water sample from station RFormosa collected on 2023-10-24 size fraction 3-200um,https://www.ncbi.nlm.nih.gov/taxonomy/browser/wwwtax.cgi?id=1874687,marine plankton metagenome,metagenome,lagoon [ENVO_00000038];marine water body [ENVO:00001999]; surface water [ENVO:00002042],2023-10-24,RFormosa_Wa_231024,Bruno Louro,https://orcid.org/0000-0001-8164-581X,ebb_tide,0.2,1,5,fi,3-200,200,3,true,bucket,WaSOP 1,peristaltic pump,2023-10-24,"Ed7, room 1.10, freezer #300387-118",-80,Bruno Louro,https://orcid.org/0000-0001-8164-581X,,,true,NA,NA,NA,NA,NA,NA,NA,NA,EMOBON_RFormosa_Wa_231024_3um_1
EMO BON RFormosa Wa 231024 3um_2,EMOBON metagenome water sample from station RFormosa collected on 2023-10-24 size fraction 3-200um,https://www.ncbi.nlm.nih.gov/taxonomy/browser/wwwtax.cgi?id=1874687,marine plankton metagenome,metagenome,lagoon [ENVO_00000038];marine water body [ENVO:00001999]; surface water [ENVO:00002042],2023-10-24,RFormosa_Wa_231024,Bruno Louro,https://orcid.org/0000-0001-8164-581X,ebb_tide,0.2,2,5,fi,3-200,200,3,true,bucket,WaSOP 1,peristaltic pump,2023-10-24,"Ed7, room 1.10, freezer #300387-118",-80,Bruno Louro,https://orcid.org/0000-0001-8164-581X,,,true,NA,NA,NA,NA,NA,NA,NA,NA,EMOBON_RFormosa_Wa_231024_3um_2
EMO BON RFormosa Wa 231024 3um_3,EMOBON metagenome water sample from station RFormosa collected on 2023-10-24 size fraction 3-200um,https://www.ncbi.nlm.nih.gov/taxonomy/browser/wwwtax.cgi?id=1874687,marine plankton metagenome,metagenome,lagoon [ENVO_00000038];marine water body [ENVO:00001999]; surface water [ENVO:00002042],2023-10-24,RFormosa_Wa_231024,Bruno Louro,https://orcid.org/0000-0001-8164-581X,ebb_tide,0.2,3,5,fi,3-200,200,3,true,bucket,WaSOP 1,peristaltic pump,2023-10-24,"Ed7, room 1.10, freezer #300387-118",-80,Bruno Louro,https://orcid.org/0000-0001-8164-581X,,,true,NA,NA,NA,NA,NA,NA,NA,NA,EMOBON_RFormosa_Wa_231024_3um_3
EMO BON RFormosa Wa 231024 3um_4,EMOBON metagenome water sample from station RFormosa collected on 2023-10-24 size fraction 3-200um,https://www.ncbi.nlm.nih.gov/taxonomy/browser/wwwtax.cgi?id=1874687,marine plankton metagenome,metagenome,lagoon [ENVO_00000038];marine water body [ENVO:00001999]; surface water [ENVO:00002042],2023-10-24,RFormosa_Wa_231024,Bruno Louro,https://orcid.org/0000-0001-8164-581X,ebb_tide,0.2,4,5,fi,3-200,200,3,true,bucket,WaSOP 1,peristaltic pump,2023-10-24,"Ed7, room 1.10, freezer #300387-118",-80,Bruno Louro,https://orcid.org/0000-0001-8164-581X,,,true,NA,NA,NA,NA,NA,NA,NA,NA,EMOBON_RFormosa_Wa_231024_3um_4
EMO BON RFormosa Wa 231024 0.22um_1,EMOBON metagenome water sample from station RFormosa collected on 2023-10-24 size fraction 0.2-3um,https://www.ncbi.nlm.nih.gov/taxonomy/browser/wwwtax.cgi?id=1874687,marine plankton metagenome,metagenome,lagoon [ENVO_00000038];marine water body [ENVO:00001999]; surface water [ENVO:00002042],2023-10-24,RFormosa_Wa_231024,Bruno Louro,https://orcid.org/0000-0001-8164-581X,ebb_tide,0.2,1,5,fi,0.2-3,3,0.2,true,bucket,WaSOP 1,peristaltic pump,2023-10-24,"Ed7, room 1.10, freezer #300387-118",-80,Bruno Louro,https://orcid.org/0000-0001-8164-581X,,,true,NA,NA,NA,NA,NA,NA,NA,NA,EMOBON_RFormosa_Wa_231024_0.2um_1
EMO BON RFormosa Wa 231024 0.22um_2,EMOBON metagenome water sample from station RFormosa collected on 2023-10-24 size fraction 0.2-3um,https://www.ncbi.nlm.nih.gov/taxonomy/browser/wwwtax.cgi?id=1874687,marine plankton metagenome,metagenome,lagoon [ENVO_00000038];marine water body [ENVO:00001999]; surface water [ENVO:00002042],2023-10-24,RFormosa_Wa_231024,Bruno Louro,https://orcid.org/0000-0001-8164-581X,ebb_tide,0.2,2,5,fi,0.2-3,3,0.2,true,bucket,WaSOP 1,peristaltic pump,2023-10-24,"Ed7, room 1.10, freezer #300387-118",-80,Bruno Louro,https://orcid.org/0000-0001-8164-581X,,,true,NA,NA,NA,NA,NA,NA,NA,NA,EMOBON_RFormosa_Wa_231024_0.2um_2
EMO BON RFormosa Wa 231024 0.22um_3,EMOBON metagenome water sample from station RFormosa collected on 2023-10-24 size fraction 0.2-3um,https://www.ncbi.nlm.nih.gov/taxonomy/browser/wwwtax.cgi?id=1874687,marine plankton metagenome,metagenome,lagoon [ENVO_00000038];marine water body [ENVO:00001999]; surface water [ENVO:00002042],2023-10-24,RFormosa_Wa_231024,Bruno Louro,https://orcid.org/0000-0001-8164-581X,ebb_tide,0.2,3,5,fi,0.2-3,3,0.2,true,bucket,WaSOP 1,peristaltic pump,2023-10-24,"Ed7, room 1.10, freezer #300387-118",-80,Bruno Louro,https://orcid.org/0000-0001-8164-581X,,,true,NA,NA,NA,NA,NA,NA,NA,NA,EMOBON_RFormosa_Wa_231024_0.2um_3
EMO BON RFormosa Wa 231024 0.22um_4,EMOBON metagenome water sample from station RFormosa collected on 2023-10-24 size fraction 0.2-3um,https://www.ncbi.nlm.nih.gov/taxonomy/browser/wwwtax.cgi?id=1874687,marine plankton metagenome,metagenome,lagoon [ENVO_00000038];marine water body [ENVO:00001999]; surface water [ENVO:00002042],2023-10-24,RFormosa_Wa_231024,Bruno Louro,https://orcid.org/0000-0001-8164-581X,ebb_tide,0.2,4,5,fi,0.2-3,3,0.2,true,bucket,WaSOP 1,peristaltic pump,2023-10-24,"Ed7, room 1.10, freezer #300387-118",-80,Bruno Louro,https://orcid.org/0000-0001-8164-581X,,,true,NA,NA,NA,NA,NA,NA,NA,NA,EMOBON_RFormosa_Wa_231024_0.2um_4
EMO BON RFormosa Wa 231024 3um_Blank,EMOBON metagenome water sample from station RFormosa collected on 2023-10-24 size fraction 3-200um,https://www.ncbi.nlm.nih.gov/taxonomy/browser/wwwtax.cgi?id=32644,unidentified,metagenome,lagoon [ENVO_00000038];marine water body [ENVO:00001999]; surface water [ENVO:00002042],2023-10-24,RFormosa_Wa_231024,Bruno Louro,https://orcid.org/0000-0001-8164-581X,ebb_tide,NA,blank,5,fi,3-200,200,3,false,NA,WaSOP 1,peristaltic pump,2023-10-24,"Ed7, room 1.10, freezer #300387-118",-80,Bruno Louro,https://orcid.org/0000-0001-8164-581X,,,true,NA,NA,NA,NA,NA,NA,NA,NA,EMOBON_RFormosa_Wa_231024_3um_blank
EMO BON RFormosa Wa 231024 0.22um_Blank,EMOBON metagenome water sample from station RFormosa collected on 2023-10-24 size fraction 0.2-3um,https://www.ncbi.nlm.nih.gov/taxonomy/browser/wwwtax.cgi?id=32644,unidentified,metagenome,lagoon [ENVO_00000038];marine water body [ENVO:00001999]; surface water [ENVO:00002042],2023-10-24,RFormosa_Wa_231024,Bruno Louro,https://orcid.org/0000-0001-8164-581X,ebb_tide,NA,blank,5,fi,0.2-3,3,0.2,false,NA,WaSOP 1,peristaltic pump,2023-10-24,"Ed7, room 1.10, freezer #300387-118",-80,Bruno Louro,https://orcid.org/0000-0001-8164-581X,,,true,NA,NA,NA,NA,NA,NA,NA,NA,EMOBON_RFormosa_Wa_231024_0.2um_blank
